date,time,session_min
2017,01:01:20-05:00,1
2017,01:08:37-05:00,15
2017,09:02:48-05:00,18
2017,10:16:13-05:00,8
2017,10:25:44-05:00,30
2017,11:04:52-05:00,15
2017,11:23:41-05:00,1
2017,12:03:29-05:00,2
2017,12:19:43-05:00,5
2017,12:53:34-05:00,18
2017,13:19:46-05:00,6
2017,13:29:18-05:00,5
2017,14:32:49-05:00,2
2017,14:44:08-05:00,18
2017,15:58:15-05:00,27
2017,16:26:18-05:00,6
2017,16:34:10-05:00,13
2017,16:52:39-05:00,35
2017,17:29:19-05:00,36
2017,08:48:15-05:00,20
2017,11:20:29-05:00,78
2017,12:46:22-05:00,7
2017,13:09:08-05:00,3
2017,13:28:59-05:00,2
2017,13:42:44-05:00,1
2017,14:12:02-05:00,6
2017,14:20:11-05:00,3
2017,14:27:29-05:00,8
2017,14:39:59-05:00,4
2017,14:48:20-05:00,1
2017,14:55:13-05:00,1
2017,14:57:30-05:00,3
2017,15:01:53-05:00,2
2017,15:07:41-05:00,1
2017,15:21:31-05:00,2
2017,15:38:52-05:00,1
2017,15:41:58-05:00,1
2017,15:50:12-05:00,10
2017,16:07:45-05:00,5
2017,16:50:03-05:00,8
2017,17:00:50-05:00,33
2017,18:49:07-05:00,30
2017,19:55:51-05:00,8
2017,20:19:11-05:00,5
2017,20:41:03-05:00,3
2017,22:44:41-05:00,2
2017,23:04:21-05:00,12
2017,23:19:37-05:00,17
2017,23:52:56-05:00,1
2017,00:32:11-05:00,1
2017,00:42:24-05:00,52
2017,01:37:04-05:00,14
2017,02:38:53-05:00,1
2017,02:46:39-05:00,11
2017,08:56:01-05:00,10
2017,10:00:34-05:00,3
2017,10:09:41-05:00,6
2017,10:17:48-05:00,3
2017,10:28:09-05:00,12
2017,11:20:01-05:00,1
2017,11:33:57-05:00,1
2017,11:36:59-05:00,13
2017,11:57:31-05:00,1
2017,15:27:50-05:00,3
2017,15:52:29-05:00,27
2017,16:23:49-05:00,1
2017,16:54:18-05:00,8
2017,17:23:57-05:00,3
2017,17:34:04-05:00,14
2017,18:01:02-05:00,5
2017,18:13:24-05:00,36
2017,18:52:20-05:00,3
2017,18:58:44-05:00,13
2017,19:16:09-05:00,10
2017,19:49:17-05:00,34
2017,20:24:53-05:00,17
2017,21:04:34-05:00,6
2017,22:12:11-05:00,65
2017,09:12:46-05:00,2
2017,09:48:37-05:00,1
2017,10:03:25-05:00,2
2017,10:10:37-05:00,1
2017,10:56:31-05:00,1
2017,12:05:13-05:00,5
2017,13:28:42-05:00,1
2017,13:33:22-05:00,3
2017,13:40:32-05:00,1
2017,14:01:09-05:00,1
2017,14:18:19-05:00,1
2017,14:42:34-05:00,2
2017,14:47:23-05:00,1
2017,14:52:20-05:00,11
2017,15:11:54-05:00,1
2017,17:00:20-05:00,1
2017,17:10:48-05:00,1
2017,17:15:15-05:00,1
2017,17:20:30-05:00,1
2017,17:35:39-05:00,1
2017,17:53:05-05:00,1
2017,18:17:13-05:00,2
2017,18:23:45-05:00,1
2017,18:45:35-05:00,1
2017,19:09:50-05:00,1
2017,19:12:40-05:00,1
2017,19:16:59-05:00,2
2017,19:23:23-05:00,3
2017,19:38:18-05:00,2
2017,19:50:37-05:00,3
2017,19:58:49-05:00,4
2017,20:08:51-05:00,15
2017,20:25:42-05:00,2
2017,20:29:04-05:00,1
2017,20:33:11-05:00,5
2017,20:46:05-05:00,2
2017,20:49:59-05:00,1
2017,20:52:34-05:00,3
2017,20:56:55-05:00,1
2017,21:02:11-05:00,1
2017,21:07:52-05:00,2
2017,21:14:55-05:00,2
2017,21:18:10-05:00,1
2017,21:22:25-05:00,1
2017,21:25:03-05:00,3
2017,21:30:52-05:00,7
2017,22:14:56-05:00,3
2017,22:19:16-05:00,3
2017,22:26:28-05:00,2
2017,22:30:07-05:00,20
2017,23:13:19-05:00,2
2017,00:11:06-05:00,1
2017,00:47:02-05:00,72
2017,02:03:24-05:00,10
2017,09:19:15-05:00,5
2017,09:47:04-05:00,17
2017,11:20:01-05:00,3
2017,11:51:59-05:00,2
2017,11:55:47-05:00,1
2017,12:19:12-05:00,5
2017,12:58:39-05:00,1
2017,13:16:21-05:00,2
2017,13:33:41-05:00,2
2017,13:37:53-05:00,7
2017,14:39:04-05:00,1
2017,14:48:08-05:00,1
2017,14:57:18-05:00,3
2017,15:06:19-05:00,10
2017,16:02:00-05:00,1
2017,16:09:59-05:00,11
2017,16:29:09-05:00,2
2017,16:32:54-05:00,1
2017,16:53:25-05:00,2
2017,17:01:05-05:00,4
2017,17:14:22-05:00,3
2017,17:20:10-05:00,4
2017,17:54:46-05:00,1
2017,18:10:22-05:00,25
2017,18:55:47-05:00,9
2017,19:09:26-05:00,6
2017,19:19:06-05:00,5
2017,21:15:32-05:00,2
2017,22:44:18-05:00,1
2017,23:18:08-05:00,6
2017,02:27:35-05:00,1
2017,09:41:48-05:00,1
2017,10:14:01-05:00,6
2017,10:42:36-05:00,1
2017,11:34:54-05:00,1
2017,11:40:08-05:00,3
2017,12:06:25-05:00,2
2017,12:14:10-05:00,1
2017,12:18:24-05:00,3
2017,12:24:25-05:00,2
2017,12:40:43-05:00,3
2017,12:58:35-05:00,5
2017,13:09:09-05:00,8
2017,14:14:35-05:00,1
2017,14:41:47-05:00,1
2017,14:50:18-05:00,1
2017,15:39:08-05:00,1
2017,17:00:25-05:00,1
2017,17:14:24-05:00,1
2017,17:16:53-05:00,2
2017,17:20:08-05:00,2
2017,19:45:30-05:00,3
2017,19:49:39-05:00,4
2017,19:59:54-05:00,1
2017,20:05:14-05:00,17
2017,20:50:54-05:00,30
2017,21:25:04-05:00,16
2017,21:45:25-05:00,4
2017,21:53:11-05:00,2
2017,21:56:45-05:00,4
2017,22:21:30-05:00,1
2017,23:00:28-05:00,7
2017,00:05:28-05:00,15
2017,00:36:01-05:00,3
2017,01:06:28-05:00,8
2017,01:16:28-05:00,12
2017,09:19:37-05:00,7
2017,11:19:24-05:00,8
2017,11:29:12-05:00,2
2017,11:32:15-05:00,14
2017,11:51:42-05:00,23
2017,12:17:51-05:00,4
2017,12:28:51-05:00,10
2017,13:05:32-05:00,3
2017,13:29:37-05:00,8
2017,13:39:56-05:00,3
2017,14:56:47-05:00,10
2017,15:08:18-05:00,79
2017,16:59:51-05:00,2
2017,17:07:02-05:00,16
2017,17:37:11-05:00,32
2017,18:10:50-05:00,7
2017,18:23:15-05:00,1
2017,19:06:22-05:00,6
2017,19:15:49-05:00,2
2017,19:21:38-05:00,4
2017,19:57:11-05:00,19
2017,20:21:05-05:00,19
2017,20:59:41-05:00,11
2017,21:38:54-05:00,4
2017,21:50:20-05:00,5
2017,22:00:04-05:00,20
2017,00:00:31-05:00,2
2017,09:17:23-05:00,10
2017,09:32:25-05:00,12
2017,09:48:08-05:00,30
2017,11:11:42-05:00,11
2017,11:35:05-05:00,29
2017,12:09:37-05:00,4
2017,13:21:49-05:00,1
2017,13:28:19-05:00,3
2017,13:58:29-05:00,3
2017,14:11:25-05:00,2
2017,14:15:14-05:00,1
2017,14:18:45-05:00,1
2017,15:02:34-05:00,3
2017,15:09:45-05:00,8
2017,17:13:37-05:00,2
2017,17:17:45-05:00,8
2017,17:32:29-05:00,8
2017,17:43:42-05:00,2
2017,17:47:24-05:00,9
2017,17:58:07-05:00,14
2017,18:28:45-05:00,2
2017,18:38:54-05:00,35
2017,19:30:30-05:00,1
2017,22:56:13-05:00,4
2017,00:15:36-05:00,9
2017,00:42:52-05:00,1
2017,01:45:26-05:00,1
2017,03:38:35-05:00,464
2017,11:32:25-05:00,11
2017,11:57:56-05:00,67
2017,15:00:30-05:00,1
2017,15:07:54-05:00,2
2017,15:17:11-05:00,1
2017,15:20:34-05:00,1
2017,15:33:07-05:00,1
2017,15:43:18-05:00,1
2017,15:47:18-05:00,7
2017,16:03:12-05:00,41
2017,16:52:52-05:00,7
2017,17:05:13-05:00,1
2017,17:07:45-05:00,1
2017,17:09:58-05:00,1
2017,17:12:30-05:00,8
2017,17:27:55-05:00,1
2017,17:34:09-05:00,1
2017,17:38:24-05:00,1
2017,17:43:48-05:00,5
2017,17:49:58-05:00,4
2017,17:58:54-05:00,3
2017,18:11:39-05:00,3
2017,18:16:19-05:00,1
2017,18:48:30-05:00,1
2017,18:52:45-05:00,1
2017,18:55:52-05:00,1
2017,18:58:02-05:00,5
2017,19:10:54-05:00,1
2017,20:42:09-05:00,6
2017,21:06:28-05:00,3
2017,22:10:51-05:00,12
2017,22:35:43-05:00,2
2017,23:21:42-05:00,16
2017,23:43:01-05:00,1
2017,23:49:30-05:00,11
2017,00:05:06-05:00,4
2017,07:16:53-05:00,2
2017,07:24:16-05:00,2
2017,07:53:04-05:00,18
2017,09:01:27-05:00,11
2017,09:38:55-05:00,2
2017,10:13:06-05:00,3
2017,10:18:29-05:00,2
2017,10:23:59-05:00,1
2017,10:26:31-05:00,3
2017,10:33:30-05:00,4
2017,10:38:48-05:00,3
2017,10:51:18-05:00,1
2017,10:56:51-05:00,2
2017,11:00:03-05:00,2
2017,11:05:27-05:00,2
2017,11:10:21-05:00,4
2017,11:16:48-05:00,3
2017,11:23:00-05:00,2
2017,11:58:32-05:00,2
2017,12:03:10-05:00,1
2017,12:15:50-05:00,1
2017,12:18:20-05:00,1
2017,12:30:12-05:00,11
2017,12:51:15-05:00,1
2017,13:03:01-05:00,7
2017,13:16:02-05:00,3
2017,13:28:34-05:00,1
2017,13:40:15-05:00,11
2017,13:52:38-05:00,9
2017,14:30:39-05:00,1
2017,15:22:17-05:00,2
2017,15:37:39-05:00,2
2017,16:23:21-05:00,2
2017,17:00:05-05:00,6
2017,17:11:03-05:00,2
2017,18:09:31-05:00,5
2017,18:51:00-05:00,6
2017,19:02:42-05:00,8
2017,19:28:59-05:00,3
2017,19:35:38-05:00,1
2017,21:38:11-05:00,2
2017,22:12:08-05:00,2
2017,22:25:01-05:00,1
2017,08:29:00-05:00,2
2017,08:40:02-05:00,9
2017,08:53:08-05:00,10
2017,09:10:07-05:00,1
2017,12:03:04-05:00,3
2017,12:08:57-05:00,4
2017,13:29:14-05:00,5
2017,13:40:03-05:00,9
2017,15:01:07-05:00,1
2017,15:03:32-05:00,21
2017,16:13:47-05:00,6
2017,16:41:46-05:00,9
2017,17:46:34-05:00,4
2017,17:57:08-05:00,15
2017,19:49:12-05:00,28
2017,20:21:32-05:00,3
2017,20:27:09-05:00,6
2017,20:34:25-05:00,3
2017,20:39:32-05:00,1
2017,20:41:41-05:00,35
2017,21:19:29-05:00,12
2017,22:48:41-05:00,1
2017,23:02:13-05:00,1
2017,23:04:52-05:00,1
2017,23:30:14-05:00,7
2017,00:00:00-05:00,14
2017,00:25:02-05:00,8
2017,00:34:06-05:00,20
2017,09:30:02-05:00,2
2017,09:59:23-05:00,1
2017,10:15:27-05:00,2
2017,10:30:35-05:00,2
2017,10:46:36-05:00,5
2017,11:44:48-05:00,1
2017,11:58:44-05:00,3
2017,12:04:17-05:00,4
2017,12:14:58-05:00,2
2017,12:25:18-05:00,1
2017,12:43:26-05:00,1
2017,12:54:51-05:00,4
2017,13:10:39-05:00,6
2017,13:56:08-05:00,2
2017,14:52:11-05:00,12
2017,15:16:48-05:00,2
2017,15:26:25-05:00,1
2017,15:36:08-05:00,1
2017,15:40:28-05:00,4
2017,16:42:02-05:00,4
2017,17:32:11-05:00,1
2017,17:37:24-05:00,5
2017,17:51:55-05:00,1
2017,17:55:09-05:00,1
2017,17:57:38-05:00,11
2017,18:30:49-05:00,84
2017,20:08:07-05:00,6
2017,21:32:08-05:00,6
2017,21:42:01-05:00,53
2017,22:36:34-05:00,21
2017,23:09:35-05:00,8
2017,00:00:06-05:00,11
2017,09:00:40-05:00,2
2017,10:01:23-05:00,1
2017,10:16:40-05:00,4
2017,10:31:38-05:00,2
2017,11:54:27-05:00,10
2017,12:07:17-05:00,5
2017,12:21:08-05:00,7
2017,12:33:22-05:00,7
2017,12:44:33-05:00,7
2017,13:00:59-05:00,6
2017,13:09:32-05:00,16
2017,13:30:35-05:00,1
2017,14:41:31-05:00,1
2017,14:43:44-05:00,1
2017,15:32:09-05:00,1
2017,15:50:51-05:00,1
2017,16:23:38-05:00,6
2017,16:36:44-05:00,8
2017,17:12:25-05:00,1
2017,17:18:04-05:00,1
2017,17:20:38-05:00,1
2017,17:24:56-05:00,1
2017,17:31:50-05:00,2
2017,18:08:28-05:00,10
2017,18:22:27-05:00,1
2017,18:27:46-05:00,7
2017,19:04:15-05:00,4
2017,19:10:15-05:00,2
2017,19:15:18-05:00,6
2017,19:42:06-05:00,5
2017,20:13:11-05:00,1
2017,20:43:49-05:00,6
2017,21:02:17-05:00,5
2017,21:08:24-05:00,3
2017,21:35:35-05:00,6
2017,21:42:54-05:00,3
2017,21:49:07-05:00,1
2017,22:23:10-05:00,17
2017,22:41:58-05:00,76
2017,05:51:31-05:00,1
2017,09:18:51-05:00,1
2017,09:50:59-05:00,3
2017,09:56:58-05:00,1
2017,10:11:02-05:00,2
2017,10:20:38-05:00,1
2017,10:50:27-05:00,2
2017,10:55:10-05:00,3
2017,11:00:11-05:00,1
2017,11:07:02-05:00,1
2017,11:42:17-05:00,3
2017,11:57:27-05:00,3
2017,12:26:07-05:00,7
2017,13:16:17-05:00,1
2017,13:24:14-05:00,2
2017,13:36:49-05:00,1
2017,13:39:54-05:00,1
2017,13:50:55-05:00,4
2017,14:10:32-05:00,2
2017,14:20:16-05:00,1
2017,14:42:58-05:00,2
2017,14:47:00-05:00,12
2017,15:04:45-05:00,13
2017,15:20:28-05:00,1
2017,15:25:01-05:00,2
2017,15:42:16-05:00,1
2017,15:50:03-05:00,4
2017,15:55:12-05:00,1
2017,16:41:52-05:00,3
2017,16:49:57-05:00,12
2017,17:39:56-05:00,3
2017,17:46:53-05:00,2
2017,18:16:27-05:00,1
2017,18:24:06-05:00,3
2017,18:34:22-05:00,7
2017,18:43:22-05:00,2
2017,18:46:24-05:00,2
2017,19:06:41-05:00,1
2017,19:28:36-05:00,1
2017,19:43:08-05:00,5
2017,19:51:15-05:00,2
2017,20:15:40-05:00,1
2017,21:07:19-05:00,7
2017,22:47:31-05:00,9
2017,23:24:03-05:00,5
2017,23:45:06-05:00,15
2017,02:17:03-05:00,1
2017,04:18:31-05:00,17
2017,10:19:35-05:00,3
2017,13:13:41-05:00,12
2017,13:54:11-05:00,3
2017,14:06:33-05:00,2
2017,14:13:34-05:00,1
2017,14:16:20-05:00,1
2017,14:18:43-05:00,4
2017,14:26:12-05:00,1
2017,17:08:44-05:00,3
2017,17:24:47-05:00,1
2017,17:29:00-05:00,2
2017,17:43:05-05:00,1
2017,17:50:38-05:00,1
2017,17:57:23-05:00,1
2017,18:27:05-05:00,7
2017,18:49:14-05:00,10
2017,19:39:58-05:00,2
2017,19:47:31-05:00,37
2017,20:33:23-05:00,1
2017,20:40:52-05:00,40
2017,21:37:03-05:00,7
2017,00:37:47-05:00,1
2017,00:44:53-05:00,2
2017,00:51:41-05:00,19
2017,19:10:31-05:00,1
2017,19:18:32-05:00,1
2017,19:45:09-05:00,1
2017,20:19:08-05:00,2
2017,21:21:53-05:00,1
2017,21:38:36-05:00,1
2017,21:43:08-05:00,4
2017,23:32:58-05:00,12
2017,00:24:28-05:00,6
2017,09:18:08-05:00,19
2017,09:57:36-05:00,1
2017,10:08:45-05:00,3
2017,10:15:16-05:00,2
2017,12:19:56-05:00,1
2017,12:49:04-05:00,2
2017,12:54:55-05:00,12
2017,13:15:56-05:00,8
2017,14:41:12-05:00,1
2017,15:52:23-05:00,3
2017,16:23:05-05:00,2
2017,16:30:15-05:00,3
2017,17:03:33-05:00,2
2017,17:20:02-05:00,1
2017,17:35:04-05:00,2
2017,17:41:57-05:00,2
2017,17:48:10-05:00,2
2017,17:59:57-05:00,4
2017,18:52:56-05:00,3
2017,20:03:04-05:00,5
2017,20:11:56-05:00,2
2017,20:35:29-05:00,1
2017,20:39:06-05:00,3
2017,20:44:55-05:00,1
2017,20:48:39-05:00,5
2017,21:03:28-05:00,1
2017,21:05:28-05:00,2
2017,21:16:43-05:00,49
2017,22:08:22-05:00,6
2017,23:23:36-05:00,6
2017,23:54:30-05:00,1
2017,02:32:05-05:00,1
2017,02:35:16-05:00,3
2017,05:19:59-05:00,1
2017,07:37:03-05:00,2
2017,08:18:35-05:00,2
2017,10:10:13-05:00,1
2017,10:14:29-05:00,1
2017,10:21:30-05:00,4
2017,10:32:24-05:00,1
2017,11:37:36-05:00,1
2017,12:17:57-05:00,2
2017,12:25:46-05:00,1
2017,16:58:07-05:00,1
2017,17:02:29-05:00,1
2017,17:20:29-05:00,6
2017,17:32:44-05:00,5
2017,17:43:20-05:00,3
2017,18:03:29-05:00,5
2017,18:41:50-05:00,49
2017,21:21:49-05:00,9
2017,23:06:20-05:00,1
2017,00:14:36-05:00,9
2017,08:09:56-05:00,6
2017,08:47:22-05:00,1
2017,08:52:31-05:00,1
2017,09:03:20-05:00,3
2017,10:09:52-05:00,9
2017,10:34:36-05:00,1
2017,11:16:32-05:00,4
2017,11:39:28-05:00,1
2017,12:09:15-05:00,1
2017,12:12:18-05:00,1
2017,12:15:05-05:00,1
2017,12:25:22-05:00,1
2017,12:36:04-05:00,4
2017,12:57:23-05:00,5
2017,13:23:28-05:00,1
2017,13:27:11-05:00,2
2017,13:58:04-05:00,2
2017,14:07:54-05:00,24
2017,15:02:43-05:00,1
2017,15:06:15-05:00,2
2017,15:11:10-05:00,9
2017,15:21:42-05:00,2
2017,15:24:44-05:00,1
2017,15:42:49-05:00,4
2017,15:49:02-05:00,17
2017,16:07:26-05:00,4
2017,16:13:27-05:00,9
2017,16:28:23-05:00,1
2017,16:39:55-05:00,3
2017,16:45:09-05:00,1
2017,16:49:26-05:00,1
2017,17:17:29-05:00,1
2017,17:21:15-05:00,1
2017,17:23:52-05:00,4
2017,17:31:19-05:00,6
2017,17:41:00-05:00,4
2017,17:49:16-05:00,2
2017,17:59:15-05:00,35
2017,18:52:15-05:00,1
2017,19:50:56-05:00,13
2017,20:54:25-05:00,5
2017,21:08:46-05:00,4
2017,21:38:09-05:00,51
2017,22:39:45-05:00,3
2017,00:07:37-05:00,4
2017,08:11:24-05:00,1
2017,08:45:30-05:00,3
2017,08:55:50-05:00,2
2017,09:12:48-05:00,1
2017,09:46:59-05:00,1
2017,10:22:29-05:00,4
2017,12:20:25-05:00,1
2017,14:55:21-05:00,1
2017,15:03:29-05:00,1
2017,15:54:24-05:00,1
2017,15:56:35-05:00,1
2017,16:13:36-05:00,1
2017,16:20:13-05:00,1
2017,17:11:27-05:00,1
2017,18:05:39-05:00,1
2017,19:16:28-05:00,2
2017,19:50:34-05:00,1
2017,20:02:29-05:00,1
2017,20:14:08-05:00,1
2017,20:32:52-05:00,28
2017,21:16:04-05:00,1
2017,23:40:23-05:00,1
2017,23:55:21-05:00,1
2017,09:00:37-05:00,3
2017,09:37:23-05:00,1
2017,10:10:28-05:00,1
2017,10:23:39-05:00,2
2017,10:39:07-05:00,2
2017,13:47:12-05:00,1
2017,15:22:24-05:00,2
2017,15:42:14-05:00,3
2017,15:49:51-05:00,4
2017,16:22:37-05:00,2
2017,16:50:47-05:00,4
2017,17:38:58-05:00,2
2017,17:42:00-05:00,1
2017,17:49:48-05:00,1
2017,17:57:22-05:00,1
2017,18:06:05-05:00,1
2017,18:27:13-05:00,2
2017,18:42:53-05:00,4
2017,19:04:25-05:00,37
2017,19:42:50-05:00,9
2017,19:53:36-05:00,12
2017,20:13:17-05:00,3
2017,20:24:54-05:00,1
2017,20:40:59-05:00,1
2017,20:43:06-05:00,1
2017,20:56:10-05:00,1
2017,20:58:16-05:00,2
2017,22:10:22-05:00,1
2017,22:47:54-05:00,3
2017,02:45:00-05:00,8
2017,11:23:30-05:00,4
2017,11:36:55-05:00,2
2017,12:35:34-05:00,13
2017,13:14:39-05:00,7
2017,14:16:05-05:00,1
2017,16:47:20-05:00,1
2017,16:54:53-05:00,6
2017,17:45:03-05:00,1
2017,17:49:48-05:00,4
2017,18:40:42-05:00,1
2017,18:46:57-05:00,1
2017,22:27:59-05:00,13
2017,22:42:35-05:00,2
2017,22:47:42-05:00,13
2017,00:13:42-05:00,4
2017,00:46:51-05:00,1
2017,00:51:52-05:00,33
2017,14:23:48-05:00,1
2017,14:27:23-05:00,1
2017,15:09:04-05:00,15
2017,15:32:20-05:00,1
2017,15:41:35-05:00,3
2017,16:22:01-05:00,6
2017,16:31:26-05:00,2
2017,16:34:46-05:00,50
2017,17:42:12-05:00,1
2017,17:47:53-05:00,1
2017,17:51:09-05:00,1
2017,18:00:26-05:00,11
2017,18:15:10-05:00,22
2017,19:42:07-05:00,2
2017,19:45:47-05:00,5
2017,20:02:22-05:00,5
2017,21:36:51-05:00,1
2017,21:49:53-05:00,3
2017,22:33:02-05:00,5
2017,02:52:06-05:00,2
2017,03:05:55-05:00,4
2017,03:30:02-05:00,16
2017,03:58:00-05:00,38
2017,06:19:30-05:00,157
2017,09:09:39-05:00,23
2017,09:33:39-05:00,7
2017,09:42:05-05:00,2
2017,10:08:11-05:00,1
2017,10:12:20-05:00,2
2017,10:32:24-05:00,1
2017,13:52:15-05:00,17
2017,15:01:15-05:00,3
2017,15:18:42-05:00,1
2017,15:23:08-05:00,6
2017,16:48:35-05:00,1
2017,16:53:28-05:00,7
2017,17:06:13-05:00,1
2017,17:08:14-05:00,6
2017,17:16:36-05:00,2
2017,17:21:54-05:00,1
2017,17:26:59-05:00,1
2017,17:29:49-05:00,3
2017,17:42:47-05:00,68
2017,19:05:34-05:00,4
2017,19:28:59-05:00,1
2017,19:39:54-05:00,1
2017,19:42:05-05:00,3
2017,19:50:27-05:00,8
2017,20:07:17-05:00,4
2017,20:15:50-05:00,14
2017,21:19:36-05:00,20
2017,21:42:32-05:00,2
2017,21:47:24-05:00,1
2017,21:49:44-05:00,1
2017,21:52:21-05:00,2
2017,22:06:18-05:00,4
2017,22:36:16-05:00,4
2017,22:55:19-05:00,2
2017,23:24:36-05:00,1
2017,23:27:26-05:00,10
2017,23:41:20-05:00,5
2017,09:20:05-05:00,7
2017,09:50:57-05:00,3
2017,10:16:00-05:00,2
2017,12:34:16-05:00,1
2017,14:50:49-05:00,107
2017,16:45:02-05:00,1
2017,17:36:18-05:00,3
2017,17:41:21-05:00,1
2017,17:49:31-05:00,1
2017,18:14:38-05:00,1
2017,18:17:25-05:00,9
2017,18:34:18-05:00,3
2017,18:48:31-05:00,6
2017,19:03:23-05:00,6
2017,19:18:50-05:00,14
2017,19:52:39-05:00,3
2017,19:58:30-05:00,10
2017,20:19:08-05:00,11
2017,20:33:30-05:00,6
2017,20:45:10-05:00,8
2017,21:00:24-05:00,18
2017,21:39:09-05:00,1
2017,22:25:34-05:00,1
2017,22:32:23-05:00,2
2017,23:24:44-05:00,19
2017,23:44:53-05:00,1
2017,23:47:10-05:00,1
2017,00:03:58-05:00,40
2017,00:57:42-05:00,14
2017,01:18:38-05:00,13
2017,01:38:18-05:00,3
2017,01:44:16-05:00,6
2017,01:52:19-05:00,1
2017,01:56:48-05:00,2
2017,08:58:31-05:00,3
2017,09:20:25-05:00,3
2017,09:59:30-05:00,2
2017,10:07:07-05:00,10
2017,12:21:54-05:00,1
2017,12:45:38-05:00,1
2017,12:47:57-05:00,1
2017,13:00:25-05:00,1
2017,13:44:56-05:00,4
2017,15:38:18-05:00,2
2017,15:51:34-05:00,2
2017,16:04:11-05:00,1
2017,16:11:45-05:00,1
2017,16:32:02-05:00,1
2017,16:45:27-05:00,3
2017,17:45:10-05:00,3
2017,17:57:25-05:00,1
2017,18:49:36-05:00,2
2017,19:23:12-05:00,5
2017,21:04:57-05:00,3
2017,21:10:47-05:00,12
2017,21:24:59-05:00,5
2017,21:33:52-05:00,2
2017,21:37:53-05:00,10
2017,23:50:00-05:00,1
2017,00:31:59-05:00,25
2017,01:39:50-05:00,7
2017,04:12:00-05:00,22
2017,08:42:01-05:00,13
2017,09:12:43-05:00,18
2017,12:33:24-05:00,1
2017,12:35:58-05:00,22
2017,13:08:05-05:00,1
2017,13:40:28-05:00,4
2017,13:46:39-05:00,3
2017,13:50:41-05:00,2
2017,13:59:19-05:00,2
2017,14:07:33-05:00,3
2017,14:11:57-05:00,4
2017,14:20:02-05:00,26
2017,15:01:18-05:00,2
2017,15:05:15-05:00,2
2017,15:14:18-05:00,34
2017,15:51:40-05:00,12
2017,18:58:40-05:00,2
2017,19:16:20-05:00,10
2017,19:27:47-05:00,2
2017,19:30:52-05:00,3
2017,19:43:01-05:00,1
2017,19:48:54-05:00,4
2017,20:02:18-05:00,1
2017,20:18:02-05:00,1
2017,20:48:27-05:00,2
2017,21:31:12-05:00,1
2017,21:47:22-05:00,1
2017,22:05:40-05:00,1
2017,22:12:09-05:00,1
2017,22:25:43-05:00,1
2017,22:29:06-05:00,15
2017,23:00:27-05:00,1
2017,23:30:11-05:00,4
2017,23:37:43-05:00,1
2017,23:51:52-05:00,5
2017,08:30:03-05:00,1
2017,09:09:27-05:00,1
2017,09:27:50-05:00,1
2017,09:39:51-05:00,3
2017,11:37:47-05:00,1
2017,11:41:54-05:00,23
2017,14:29:32-05:00,2
2017,14:48:44-05:00,1
2017,14:53:40-05:00,1
2017,15:02:24-05:00,2
2017,15:09:50-05:00,6
2017,16:14:58-05:00,11
2017,17:55:34-05:00,9
2017,18:26:33-05:00,2
2017,18:36:23-05:00,8
2017,18:55:02-05:00,1
2017,19:10:13-05:00,1
2017,19:18:20-05:00,1
2017,19:23:58-05:00,2
2017,19:28:09-05:00,1
2017,19:35:03-05:00,4
2017,19:41:11-05:00,2
2017,19:46:34-05:00,8
2017,19:57:26-05:00,2
2017,20:01:15-05:00,3
2017,20:06:24-05:00,8
2017,20:18:09-05:00,2
2017,22:54:48-05:00,1
2017,00:30:07-05:00,6
2017,00:40:16-05:00,1
2017,00:42:35-05:00,3
2017,00:49:08-05:00,1
2017,01:37:11-05:00,2
2017,01:41:37-05:00,1
2017,01:47:24-05:00,3
2017,02:04:03-05:00,30
2017,11:23:47-05:00,1
2017,11:37:11-05:00,6
2017,11:51:06-05:00,2
2017,12:11:59-05:00,2
2017,12:38:50-05:00,3
2017,15:03:18-05:00,3
2017,15:22:56-05:00,3
2017,17:04:31-05:00,1
2017,17:21:17-05:00,50
2017,18:14:12-05:00,65
2017,19:20:46-05:00,19
2017,19:46:46-05:00,1
2017,19:54:51-05:00,11
2017,20:09:41-05:00,5
2017,20:27:03-05:00,1
2017,20:30:11-05:00,13
2017,22:26:15-05:00,20
2017,23:18:20-05:00,1
2017,02:58:16-05:00,19
2017,11:45:20-05:00,5
2017,12:27:13-05:00,28
2017,13:02:07-05:00,10
2017,13:13:24-05:00,18
2017,13:42:14-05:00,2
2017,13:57:33-05:00,1
2017,14:00:11-05:00,1
2017,14:21:30-05:00,2
2017,14:34:17-05:00,4
2017,14:42:16-05:00,1
2017,15:11:50-05:00,1
2017,16:06:02-05:00,1
2017,16:09:11-05:00,6
2017,16:18:24-05:00,3
2017,16:26:41-05:00,1
2017,16:29:31-05:00,4
2017,16:59:55-05:00,2
2017,17:08:29-05:00,1
2017,17:12:46-05:00,1
2017,17:19:02-05:00,2
2017,17:22:44-05:00,1
2017,17:25:21-05:00,1
2017,17:27:27-05:00,2
2017,18:46:04-05:00,3
2017,18:55:15-05:00,5
2017,19:04:43-05:00,1
2017,19:08:38-05:00,6
2017,19:16:20-05:00,3
2017,19:21:24-05:00,5
2017,19:31:22-05:00,2
2017,19:41:15-05:00,6
2017,19:50:43-05:00,2
2017,20:09:18-05:00,1
2017,20:21:53-05:00,1
2017,20:24:11-05:00,1
2017,20:58:07-05:00,1
2017,21:10:51-05:00,2
2017,21:22:40-05:00,1
2017,21:24:57-05:00,3
2017,21:29:56-05:00,11
2017,21:42:08-05:00,31
2017,22:17:39-05:00,2
2017,22:23:34-05:00,11
2017,22:38:17-05:00,3
2017,09:09:39-05:00,1
2017,09:28:12-05:00,4
2017,10:20:04-05:00,1
2017,10:22:39-05:00,2
2017,10:31:02-05:00,1
2017,10:40:22-05:00,1
2017,10:49:26-05:00,7
2017,10:58:03-05:00,4
2017,12:19:52-05:00,1
2017,12:26:43-05:00,1
2017,12:31:27-05:00,1
2017,12:49:55-05:00,5
2017,13:24:08-05:00,3
2017,14:04:22-05:00,1
2017,14:32:16-05:00,1
2017,16:02:32-05:00,8
2017,17:04:59-05:00,1
2017,17:07:37-05:00,1
2017,17:16:23-05:00,1
2017,17:32:01-05:00,10
2017,18:00:42-05:00,1
2017,18:05:31-05:00,4
2017,18:42:44-05:00,2
2017,18:57:02-05:00,1
2017,19:03:57-05:00,1
2017,21:32:07-05:00,12
2017,22:05:42-05:00,2
2017,01:03:34-05:00,11
2017,09:09:38-05:00,2
2017,09:38:14-05:00,3
2017,09:46:01-05:00,1
2017,10:10:28-05:00,24
2017,10:37:03-05:00,2
2017,12:01:12-05:00,2
2017,12:30:39-05:00,1
2017,12:45:07-05:00,11
2017,13:45:36-05:00,6
2017,13:59:14-05:00,19
2017,16:31:57-05:00,3
2017,16:35:59-05:00,13
2017,16:53:37-05:00,8
2017,17:04:40-05:00,1
2017,17:21:00-05:00,9
2017,17:52:31-05:00,9
2017,18:03:53-05:00,8
2017,20:41:02-05:00,3
2017,20:52:59-05:00,5
2017,21:08:20-05:00,4
2017,21:46:37-05:00,6
2017,09:48:02-05:00,1
2017,09:57:49-05:00,4
2017,10:20:25-05:00,2
2017,10:38:40-05:00,2
2017,10:44:12-05:00,3
2017,10:50:58-05:00,1
2017,10:59:57-05:00,1
2017,11:02:37-05:00,1
2017,11:10:31-05:00,1
2017,11:13:01-05:00,5
2017,11:33:09-05:00,1
2017,11:42:19-05:00,1
2017,12:18:01-05:00,1
2017,12:25:48-05:00,1
2017,12:28:42-05:00,2
2017,12:33:51-05:00,18
2017,13:04:29-05:00,2
2017,13:32:45-05:00,9
2017,13:58:15-05:00,1
2017,14:15:29-05:00,10
2017,14:32:11-05:00,5
2017,15:12:33-05:00,1
2017,16:17:53-05:00,1
2017,16:49:42-05:00,5
2017,16:56:10-05:00,1
2017,16:59:34-05:00,1
2017,17:02:14-05:00,2
2017,17:06:00-05:00,4
2017,17:25:37-05:00,4
2017,17:32:19-05:00,1
2017,17:37:31-05:00,1
2017,18:07:11-05:00,39
2017,19:47:58-05:00,1
2017,04:33:31-05:00,9
2017,09:25:19-05:00,1
2017,09:58:48-05:00,1
2017,10:07:55-05:00,2
2017,10:14:51-05:00,3
2017,10:42:37-05:00,1
2017,11:06:17-05:00,12
2017,12:28:05-05:00,1
2017,13:28:11-05:00,1
2017,14:38:39-05:00,8
2017,15:30:16-05:00,38
2017,16:11:00-05:00,1
2017,16:16:29-05:00,1
2017,16:19:12-05:00,2
2017,16:29:45-05:00,3
2017,16:36:50-05:00,4
2017,16:44:20-05:00,1
2017,16:51:28-05:00,2
2017,16:56:33-05:00,2
2017,17:00:34-05:00,1
2017,17:03:35-05:00,1
2017,17:08:48-05:00,1
2017,17:10:52-05:00,1
2017,19:15:32-05:00,1
2017,21:34:54-05:00,2
2017,21:46:29-05:00,3
2017,21:53:11-05:00,1
2017,21:59:00-05:00,8
2017,22:22:41-05:00,2
2017,00:00:23-05:00,12
2017,01:21:36-05:00,24
2017,08:26:25-05:00,3
2017,09:16:33-05:00,1
2017,09:20:12-05:00,3
2017,09:51:37-05:00,5
2017,10:31:56-05:00,1
2017,11:03:05-05:00,1
2017,12:02:11-05:00,1
2017,12:04:59-05:00,9
2017,12:27:43-05:00,8
2017,13:01:12-05:00,1
2017,13:37:05-05:00,3
2017,16:56:22-05:00,1
2017,17:53:59-05:00,1
2017,17:57:49-05:00,2
2017,18:08:10-05:00,1
2017,18:49:27-05:00,8
2017,19:03:44-05:00,4
2017,19:13:38-05:00,1
2017,19:17:29-05:00,9
2017,19:28:18-05:00,15
2017,19:56:19-05:00,5
2017,20:03:14-05:00,1
2017,20:32:37-05:00,1
2017,21:06:12-05:00,1
2017,23:00:22-05:00,4
2017,01:14:46-05:00,1
2017,01:18:23-05:00,11
2017,01:32:19-05:00,2
2017,01:35:20-05:00,5
2017,01:42:14-05:00,3
2017,03:32:33-05:00,1
2017,12:20:20-05:00,23
2017,12:44:24-05:00,23
2017,13:36:31-05:00,57
2017,14:37:44-05:00,1
2017,14:40:43-05:00,1
2017,14:46:40-05:00,1
2017,14:49:13-05:00,2
2017,14:52:40-05:00,1
2017,14:58:04-05:00,7
2017,15:07:34-05:00,4
2017,15:38:27-05:00,2
2017,15:48:50-05:00,5
2017,15:56:55-05:00,3
2017,17:44:34-05:00,1
2017,17:48:34-05:00,2
2017,17:52:30-05:00,1
2017,17:58:14-05:00,2
2017,18:01:40-05:00,1
2017,18:06:19-05:00,1
2017,18:14:55-05:00,15
2017,18:54:45-05:00,1
2017,18:58:43-05:00,3
2017,19:43:21-05:00,3
2017,19:47:45-05:00,2
2017,19:54:06-05:00,1
2017,20:17:41-05:00,1
2017,20:21:33-05:00,2
2017,20:40:47-05:00,3
2017,20:45:24-05:00,1
2017,22:11:13-05:00,1
2017,23:58:23-05:00,2
2017,11:23:01-05:00,21
2017,11:49:16-05:00,7
2017,13:01:06-05:00,5
2017,13:08:54-05:00,1
2017,13:14:23-05:00,3
2017,14:29:31-05:00,7
2017,14:41:41-05:00,8
2017,16:04:30-05:00,1
2017,16:08:32-05:00,2
2017,16:53:10-05:00,2
2017,17:06:49-05:00,1
2017,17:18:46-05:00,1
2017,17:27:51-05:00,3
2017,17:35:29-05:00,1
2017,17:38:55-05:00,4
2017,17:44:08-05:00,1
2017,17:47:44-05:00,3
2017,17:53:22-05:00,1
2017,18:02:33-05:00,4
2017,18:09:42-05:00,2
2017,18:19:49-05:00,18
2017,18:54:50-05:00,4
2017,19:02:03-05:00,18
2017,19:21:52-05:00,2
2017,19:44:20-05:00,23
2017,20:11:35-05:00,1
2017,20:14:10-05:00,3
2017,20:27:14-05:00,13
2017,00:18:19-05:00,13
2017,00:33:21-05:00,4
2017,00:39:12-05:00,1
2017,01:01:58-05:00,4
2017,08:11:14-05:00,18
2017,09:28:24-05:00,5
2017,09:57:46-05:00,5
2017,10:08:36-05:00,22
2017,10:32:25-05:00,51
2017,13:16:19-05:00,4
2017,13:24:46-05:00,2
2017,13:28:41-05:00,1
2017,13:39:31-05:00,17
2017,14:14:03-05:00,1
2017,14:21:37-05:00,7
2017,15:06:10-05:00,1
2017,15:11:24-05:00,1
2017,15:16:57-05:00,2
2017,15:21:11-05:00,21
2017,15:52:19-05:00,8
2017,17:29:57-05:00,3
2017,17:37:53-05:00,9
2017,17:57:50-05:00,1
2017,19:19:54-05:00,3
2017,19:36:34-05:00,1
2017,19:51:23-05:00,2
2017,20:32:49-05:00,2
2017,20:47:25-05:00,1
2017,21:02:07-05:00,10
2017,21:22:35-05:00,2
2017,21:57:05-05:00,1
2017,22:02:13-05:00,1
2017,22:43:09-05:00,4
2017,03:53:30-05:00,29
2017,08:12:58-05:00,7
2017,09:05:59-05:00,3
2017,09:15:01-05:00,1
2017,09:18:24-05:00,1
2017,09:28:05-05:00,1
2017,09:39:38-05:00,1
2017,09:49:18-05:00,1
2017,10:30:18-05:00,3
2017,11:03:36-05:00,1
2017,11:07:35-05:00,1
2017,11:10:21-05:00,4
2017,11:16:33-05:00,1
2017,12:01:00-05:00,2
2017,13:06:17-05:00,6
2017,13:22:28-05:00,1
2017,13:24:30-05:00,1
2017,15:05:22-05:00,8
2017,17:02:26-05:00,1
2017,17:53:05-05:00,2
2017,17:57:48-05:00,1
2017,18:23:14-05:00,7
2017,18:36:34-05:00,8
2017,18:51:41-05:00,14
2017,19:26:32-05:00,9
2017,19:54:02-05:00,7
2017,20:02:58-05:00,1
2017,20:07:06-05:00,15
2017,20:32:24-05:00,4
2017,22:39:10-05:00,1
2017,00:10:35-05:00,18
2017,00:47:52-05:00,3
2017,00:53:42-05:00,1
2017,05:04:20-05:00,8
2017,05:46:28-05:00,1
2017,06:07:08-05:00,1
2017,06:27:55-05:00,12
2017,09:23:49-05:00,1
2017,09:27:50-05:00,2
2017,09:59:26-05:00,1
2017,10:13:36-05:00,6
2017,11:16:03-05:00,1
2017,11:19:12-05:00,1
2017,12:13:47-05:00,4
2017,12:22:40-05:00,4
2017,12:28:49-05:00,1
2017,12:40:07-05:00,16
2017,13:53:40-05:00,1
2017,14:29:41-05:00,1
2017,14:37:59-05:00,1
2017,15:48:03-05:00,4
2017,16:19:12-05:00,1
2017,16:45:24-05:00,5
2017,17:41:43-05:00,1
2017,17:46:09-05:00,2
2017,17:50:06-05:00,3
2017,18:00:05-05:00,1
2017,18:05:42-05:00,22
2017,18:30:51-05:00,9
2017,18:41:10-05:00,1
2017,18:57:02-05:00,1
2017,19:00:57-05:00,17
2017,19:24:56-05:00,73
2017,20:57:54-05:00,3
2017,23:02:12-05:00,1
2017,23:06:22-05:00,6
2017,23:16:52-05:00,27
2017,00:22:51-05:00,7
2017,00:46:38-05:00,1
2017,09:09:48-05:00,2
2017,09:20:09-05:00,2
2017,09:51:07-05:00,1
2017,10:13:43-05:00,2
2017,10:40:59-05:00,5
2017,11:34:18-05:00,2
2017,12:48:02-05:00,1
2017,12:59:16-05:00,1
2017,13:01:19-05:00,3
2017,13:05:32-05:00,2
2017,13:16:33-05:00,2
2017,13:34:25-05:00,1
2017,14:08:25-05:00,1
2017,14:13:39-05:00,8
2017,14:26:45-05:00,2
2017,14:36:19-05:00,14
2017,15:05:06-05:00,1
2017,15:18:56-05:00,2
2017,15:23:19-05:00,9
2017,15:33:58-05:00,2
2017,15:42:55-05:00,1
2017,15:47:50-05:00,1
2017,15:55:07-05:00,1
2017,16:00:58-05:00,1
2017,16:03:17-05:00,3
2017,16:14:07-05:00,1
2017,16:22:22-05:00,6
2017,16:38:39-05:00,156
2017,19:17:12-05:00,1
2017,23:04:25-05:00,1
2017,23:33:34-05:00,2
2017,00:20:04-05:00,11
2017,10:16:27-05:00,2
2017,11:13:42-05:00,6
2017,11:25:52-05:00,1
2017,11:53:50-05:00,1
2017,12:22:55-05:00,14
2017,13:15:16-05:00,1
2017,13:32:00-05:00,5
2017,13:56:32-05:00,1
2017,15:16:40-05:00,1
2017,15:23:34-05:00,8
2017,15:53:30-05:00,2
2017,15:58:16-05:00,1
2017,16:06:27-05:00,3
2017,16:11:23-05:00,9
2017,16:31:46-05:00,3
2017,16:46:19-05:00,1
2017,17:25:25-05:00,1
2017,17:40:48-05:00,1
2017,17:56:57-05:00,1
2017,18:00:19-05:00,1
2017,18:05:08-05:00,1
2017,18:07:27-05:00,1
2017,18:13:17-05:00,1
2017,18:15:22-05:00,2
2017,18:32:14-05:00,1
2017,20:12:30-05:00,5
2017,21:01:13-05:00,1
2017,21:43:19-05:00,5
2017,22:04:40-05:00,74
2017,23:19:52-05:00,1
2017,23:42:39-05:00,1
2017,10:40:07-05:00,3
2017,13:32:13-05:00,1
2017,14:16:27-05:00,16
2017,14:36:35-05:00,40
2017,15:21:46-05:00,4
2017,15:27:20-05:00,11
2017,15:46:13-05:00,10
2017,16:02:16-05:00,22
2017,16:29:53-05:00,1
2017,16:37:16-05:00,1
2017,16:42:29-05:00,1
2017,16:46:12-05:00,2
2017,16:49:33-05:00,1
2017,16:52:50-05:00,6
2017,17:04:18-05:00,1
2017,17:06:42-05:00,4
2017,18:15:45-05:00,1
2017,18:24:33-05:00,3
2017,18:32:14-05:00,7
2017,18:44:31-05:00,1
2017,18:47:43-05:00,8
2017,19:12:51-05:00,6
2017,19:20:06-05:00,17
2017,19:38:12-05:00,2
2017,21:21:19-05:00,3
2017,21:31:51-05:00,2
2017,22:07:19-05:00,1
2017,22:16:20-05:00,28
2017,22:59:24-05:00,1
2017,23:29:44-05:00,4
2017,23:37:55-05:00,1
2017,00:00:14-05:00,3
2017,00:04:38-05:00,32
2017,09:13:14-05:00,9
2017,09:47:08-05:00,18
2017,10:19:18-05:00,16
2017,10:36:58-05:00,14
2017,11:19:08-05:00,2
2017,11:25:22-05:00,26
2017,12:09:12-05:00,8
2017,12:21:10-05:00,1
2017,12:24:34-05:00,5
2017,12:30:39-05:00,2
2017,12:37:23-05:00,1
2017,12:46:51-05:00,6
2017,12:58:51-05:00,5
2017,13:09:01-05:00,10
2017,13:20:31-05:00,1
2017,13:25:46-05:00,1
2017,13:28:07-05:00,3
2017,13:32:11-05:00,1
2017,13:47:19-05:00,5
2017,13:53:45-05:00,1
2017,13:55:58-05:00,3
2017,14:02:41-05:00,1
2017,14:10:57-05:00,2
2017,14:23:23-05:00,7
2017,14:40:51-05:00,6
2017,14:48:45-05:00,2
2017,14:54:31-05:00,3
2017,15:02:57-05:00,5
2017,15:17:26-05:00,3
2017,15:21:30-05:00,3
2017,15:32:40-05:00,1
2017,15:35:40-05:00,3
2017,15:50:10-05:00,4
2017,15:57:33-05:00,24
2017,16:24:12-05:00,3
2017,16:29:04-05:00,4
2017,16:38:50-05:00,12
2017,16:53:40-05:00,10
2017,18:08:04-05:00,1
2017,18:10:16-05:00,1
2017,18:12:58-05:00,2
2017,18:21:26-05:00,2
2017,18:43:22-05:00,1
2017,18:54:58-05:00,5
2017,19:01:37-05:00,1
2017,19:08:10-05:00,8
2017,20:22:12-05:00,2
2017,20:53:06-05:00,3
2017,21:56:30-05:00,4
2017,09:14:54-05:00,4
2017,10:05:31-05:00,15
2017,10:24:50-05:00,1
2017,10:30:03-05:00,8
2017,12:33:45-05:00,1
2017,12:53:08-05:00,24
2017,13:52:03-05:00,1
2017,14:00:46-05:00,24
2017,14:31:58-05:00,40
2017,15:13:18-05:00,7
2017,15:45:39-05:00,2
2017,16:18:22-05:00,2
2017,16:22:10-05:00,9
2017,16:43:45-05:00,6
2017,16:58:42-05:00,2
2017,17:03:10-05:00,24
2017,17:28:38-05:00,1
2017,17:31:28-05:00,14
2017,17:58:09-05:00,2
2017,18:02:38-05:00,10
2017,18:31:23-05:00,1
2017,18:37:04-05:00,2
2017,18:41:18-05:00,1
2017,18:51:57-05:00,1
2017,18:57:49-05:00,1
2017,19:09:01-05:00,1
2017,21:51:33-05:00,2
2017,23:12:58-05:00,4
2017,23:20:38-05:00,4
2017,23:44:14-05:00,16
2017,02:18:23-05:00,1
2017,03:12:03-05:00,15
2017,09:39:39-05:00,5
2017,10:01:28-05:00,1
2017,10:18:08-05:00,3
2017,12:13:10-05:00,5
2017,12:21:41-05:00,3
2017,12:30:23-05:00,2
2017,12:45:20-05:00,3
2017,12:51:14-05:00,4
2017,13:02:59-05:00,6
2017,13:13:30-05:00,1
2017,13:47:25-05:00,1
2017,14:05:28-05:00,1
2017,14:15:31-05:00,3
2017,14:31:02-05:00,2
2017,14:43:27-05:00,4
2017,15:12:38-05:00,1
2017,16:31:35-05:00,3
2017,16:46:04-05:00,1
2017,16:49:55-05:00,3
2017,18:40:51-05:00,1
2017,18:44:37-05:00,20
2017,19:14:57-05:00,6
2017,19:22:24-05:00,7
2017,19:32:03-05:00,10
2017,19:43:58-05:00,1
2017,19:59:05-05:00,7
2017,20:30:01-05:00,6
2017,20:42:32-05:00,2
2017,20:53:58-05:00,13
2017,21:24:58-05:00,1
2017,21:56:43-05:00,2
2017,22:02:36-05:00,1
2017,22:13:11-05:00,10
2017,22:34:37-05:00,2
2017,22:47:32-05:00,27
2017,23:17:02-05:00,15
2017,06:14:07-05:00,21
2017,09:25:20-05:00,19
2017,10:10:00-05:00,2
2017,10:19:42-05:00,10
2017,10:31:46-05:00,1
2017,10:52:32-05:00,3
2017,11:13:20-05:00,5
2017,12:06:37-05:00,3
2017,12:19:42-05:00,1
2017,12:22:52-05:00,13
2017,13:14:21-05:00,1
2017,14:50:23-05:00,7
2017,15:00:04-05:00,2
2017,15:20:42-05:00,1
2017,15:55:11-05:00,1
2017,16:12:06-05:00,1
2017,17:14:07-05:00,1
2017,17:53:22-05:00,2
2017,18:00:18-05:00,2
2017,18:05:48-05:00,1
2017,18:12:55-05:00,2
2017,18:18:07-05:00,1
2017,19:53:11-05:00,20
2017,20:52:21-05:00,9
2017,21:55:51-05:00,33
2017,22:42:53-05:00,28
2017,09:33:35-05:00,18
2017,10:05:44-05:00,1
2017,10:31:13-05:00,3
2017,12:50:34-05:00,2
2017,12:54:21-05:00,1
2017,16:04:58-05:00,13
2017,17:22:57-05:00,1
2017,17:27:24-05:00,2
2017,17:31:44-05:00,1
2017,17:38:32-05:00,2
2017,17:57:42-05:00,2
2017,18:03:05-05:00,18
2017,18:56:52-05:00,11
2017,19:10:08-05:00,1
2017,19:13:35-05:00,5
2017,19:20:42-05:00,1
2017,19:42:16-05:00,33
2017,20:25:29-05:00,6
2017,20:34:37-05:00,14
2017,20:57:51-05:00,7
2017,21:12:13-05:00,3
2017,22:25:04-05:00,16
2017,22:46:21-05:00,34
2017,00:00:35-05:00,44
2017,00:47:38-05:00,18
2017,01:06:44-05:00,5
2017,04:04:48-05:00,1
2017,08:48:40-05:00,2
2017,08:56:09-05:00,1
2017,09:05:18-05:00,1
2017,10:42:40-05:00,2
2017,11:16:41-05:00,1
2017,11:20:30-05:00,3
2017,13:27:35-05:00,2
2017,13:54:28-05:00,1
2017,14:37:51-05:00,3
2017,15:46:00-05:00,1
2017,17:55:48-05:00,1
2017,17:59:47-05:00,4
2017,18:12:03-05:00,2
2017,18:21:03-05:00,1
2017,19:03:08-05:00,4
2017,21:00:59-05:00,61
2017,22:03:32-05:00,15
2017,22:25:15-05:00,39
2017,01:26:36-05:00,3
2017,01:34:12-05:00,6
2017,10:38:07-05:00,1
2017,14:14:50-05:00,11
2017,14:28:21-05:00,14
2017,15:10:59-05:00,18
2017,15:33:15-05:00,6
2017,15:42:31-05:00,2
2017,15:46:34-05:00,6
2017,15:54:16-05:00,1
2017,15:57:18-05:00,1
2017,15:59:54-05:00,2
2017,16:03:56-05:00,2
2017,16:41:24-05:00,1
2017,18:45:39-05:00,1
2017,19:05:52-05:00,1
2017,19:10:22-05:00,7
2017,19:25:12-05:00,1
2017,19:29:28-05:00,1
2017,19:34:33-05:00,5
2017,19:42:06-05:00,2
2017,19:47:16-05:00,1
2017,19:51:46-05:00,1
2017,19:54:04-05:00,38
2017,22:53:23-05:00,12
2017,23:08:08-05:00,2
2017,23:12:04-05:00,1
2017,23:14:31-05:00,4
2017,23:34:22-05:00,1
2017,23:52:15-05:00,1
2017,00:05:11-05:00,3
2017,00:10:38-05:00,2
2017,00:15:07-05:00,1
2017,00:21:03-05:00,1
2017,00:41:06-05:00,1
2017,00:46:28-05:00,9
2017,01:00:15-05:00,3
2017,01:04:50-05:00,8
2017,01:14:00-05:00,2
2017,01:21:35-05:00,2
2017,01:32:47-05:00,3
2017,01:42:40-05:00,4
2017,01:59:25-05:00,2
2017,02:03:11-05:00,4
2017,02:37:39-05:00,17
2017,04:18:32-05:00,2
2017,11:10:30-05:00,4
2017,12:47:46-05:00,21
2017,14:18:52-05:00,2
2017,14:34:52-05:00,1
2017,14:39:22-05:00,2
2017,14:45:01-05:00,38
2017,15:40:39-05:00,3
2017,16:04:01-05:00,1
2017,16:06:56-05:00,1
2017,16:14:46-05:00,1
2017,16:20:16-05:00,3
2017,16:31:15-05:00,1
2017,16:40:21-05:00,6
2017,16:48:35-05:00,1
2017,17:06:55-05:00,1
2017,17:14:33-05:00,1
2017,17:21:31-05:00,13
2017,18:07:45-05:00,1
2017,19:05:55-05:00,1
2017,19:28:09-05:00,1
2017,19:49:26-05:00,1
2017,20:00:31-05:00,2
2017,20:20:33-05:00,6
2017,20:44:02-05:00,1
2017,20:50:35-05:00,1
2017,20:54:05-05:00,1
2017,21:30:45-05:00,1
2017,21:34:59-05:00,4
2017,21:49:29-05:00,3
2017,22:03:46-05:00,2
2017,01:26:10-05:00,6
2017,04:49:32-05:00,2
2017,04:52:46-05:00,5
2017,08:30:22-05:00,1
2017,08:50:07-05:00,4
2017,08:55:24-05:00,3
2017,09:51:31-05:00,1
2017,10:05:36-05:00,2
2017,10:34:01-05:00,9
2017,11:04:29-05:00,2
2017,12:08:23-05:00,1
2017,12:13:19-05:00,13
2017,12:34:21-05:00,12
2017,13:12:48-05:00,1
2017,14:01:24-05:00,4
2017,15:42:53-05:00,1
2017,15:53:14-05:00,1
2017,16:20:28-05:00,19
2017,17:35:16-05:00,7
2017,18:18:07-05:00,3
2017,18:30:24-05:00,11
2017,18:43:24-05:00,1
2017,18:46:56-05:00,1
2017,19:04:51-05:00,5
2017,19:11:10-05:00,1
2017,19:22:18-05:00,1
2017,19:47:34-05:00,1
2017,19:50:05-05:00,9
2017,20:00:30-05:00,15
2017,22:58:56-05:00,2
2017,23:08:44-05:00,15
2017,23:27:05-05:00,1
2017,09:11:31-05:00,8
2017,10:31:31-05:00,4
2017,10:54:24-05:00,4
2017,11:01:23-05:00,1
2017,11:17:04-05:00,1
2017,12:06:50-05:00,2
2017,12:24:26-05:00,13
2017,13:14:34-05:00,1
2017,13:27:52-05:00,4
2017,14:14:07-05:00,1
2017,14:25:29-05:00,1
2017,14:28:13-05:00,1
2017,15:24:38-05:00,2
2017,15:42:22-05:00,2
2017,16:14:22-05:00,1
2017,17:06:30-05:00,1
2017,18:14:43-05:00,2
2017,18:31:14-05:00,1
2017,18:49:27-05:00,4
2017,18:57:29-05:00,5
2017,19:04:43-05:00,8
2017,19:15:21-05:00,11
2017,19:33:27-05:00,1
2017,19:50:34-05:00,4
2017,20:00:41-05:00,14
2017,20:19:02-05:00,1
2017,20:21:25-05:00,2
2017,22:56:52-05:00,1
2017,23:11:10-05:00,4
2017,09:19:11-05:00,3
2017,10:05:30-05:00,1
2017,10:12:20-05:00,2
2017,11:27:25-05:00,1
2017,11:38:25-05:00,14
2017,12:51:40-05:00,3
2017,12:57:11-05:00,1
2017,13:31:12-05:00,1
2017,14:20:22-05:00,1
2017,14:28:52-05:00,3
2017,15:59:12-05:00,1
2017,16:21:49-05:00,1
2017,16:26:03-05:00,1
2017,16:45:27-05:00,3
2017,17:49:58-05:00,1
2017,17:53:13-05:00,2
2017,17:58:41-05:00,1
2017,18:01:00-05:00,1
2017,18:21:31-05:00,1
2017,19:11:45-05:00,1
2017,20:26:03-05:00,1
2017,21:39:51-05:00,11
2017,21:54:06-05:00,1
2017,21:56:39-05:00,4
2017,22:18:24-05:00,6
2017,22:59:28-05:00,4
2017,00:35:16-05:00,57
2017,10:19:07-05:00,3
2017,10:35:41-05:00,2
2017,11:01:24-05:00,2
2017,11:10:37-05:00,1
2017,11:13:16-05:00,3
2017,14:44:46-05:00,9
2017,14:56:08-05:00,1
2017,15:58:05-05:00,1
2017,16:55:13-05:00,1
2017,17:27:55-05:00,2
2017,17:39:49-05:00,1
2017,18:02:18-05:00,4
2017,18:14:09-05:00,1
2017,18:17:07-05:00,2
2017,18:20:44-05:00,3
2017,18:30:25-05:00,2
2017,18:36:18-05:00,4
2017,18:48:56-05:00,2
2017,19:02:19-05:00,1
2017,19:06:17-05:00,1
2017,19:29:08-05:00,1
2017,19:49:09-05:00,3
2017,19:54:49-05:00,2
2017,19:59:45-05:00,1
2017,20:03:21-05:00,8
2017,20:22:18-05:00,1
2017,20:30:48-05:00,1
2017,21:06:06-05:00,1
2017,21:17:41-05:00,5
2017,22:02:00-05:00,2
2017,22:06:27-05:00,14
2017,22:23:00-05:00,1
2017,23:49:50-05:00,1
2017,00:03:26-05:00,4
2017,00:23:07-05:00,1
2017,10:06:43-05:00,1
2017,10:13:43-05:00,3
2017,11:08:54-05:00,4
2017,11:17:05-05:00,1
2017,12:11:52-05:00,5
2017,12:24:58-05:00,4
2017,12:31:29-05:00,4
2017,12:49:49-05:00,6
2017,14:33:37-05:00,1
2017,14:43:32-05:00,3
2017,15:06:07-05:00,1
2017,15:14:00-05:00,1
2017,15:46:30-05:00,1
2017,15:51:25-05:00,1
2017,15:57:29-05:00,4
2017,16:11:36-05:00,10
2017,16:23:03-05:00,1
2017,16:28:36-05:00,1
2017,16:31:59-05:00,2
2017,16:39:25-05:00,4
2017,16:45:03-05:00,16
2017,17:17:07-05:00,1
2017,17:38:01-05:00,2
2017,18:35:28-05:00,1
2017,18:44:39-05:00,2
2017,18:51:37-05:00,5
2017,19:31:09-05:00,2
2017,19:39:57-05:00,3
2017,19:52:05-05:00,1
2017,20:46:25-05:00,29
2017,22:53:11-05:00,15
2017,00:00:09-05:00,1
2017,00:02:28-05:00,1
2017,00:07:32-05:00,3
2017,00:17:37-05:00,13
2017,00:32:40-05:00,2
2017,00:37:52-05:00,16
2017,01:00:03-05:00,39
2017,01:42:23-05:00,16
2017,02:00:16-05:00,19
2017,02:22:08-05:00,14
2017,12:55:25-05:00,8
2017,13:10:15-05:00,18
2017,13:36:33-05:00,2
2017,13:41:46-05:00,3
2017,13:53:41-05:00,11
2017,14:09:54-05:00,4
2017,14:18:21-05:00,1
2017,14:22:20-05:00,4
2017,14:29:11-05:00,8
2017,14:56:34-05:00,1
2017,15:03:39-05:00,8
2017,15:21:34-05:00,1
2017,15:23:44-05:00,3
2017,15:30:18-05:00,1
2017,15:33:01-05:00,1
2017,15:38:54-05:00,14
2017,15:57:58-05:00,2
2017,16:01:00-05:00,1
2017,16:09:35-05:00,2
2017,16:14:14-05:00,1
2017,16:18:49-05:00,3
2017,16:31:17-05:00,5
2017,16:38:26-05:00,5
2017,16:45:13-05:00,1
2017,16:50:06-05:00,15
2017,17:09:12-05:00,3
2017,17:15:03-05:00,12
2017,17:29:42-05:00,3
2017,17:37:00-05:00,14
2017,18:16:14-05:00,1
2017,18:28:21-05:00,6
2017,19:00:49-05:00,1
2017,19:04:15-05:00,2
2017,19:25:52-05:00,3
2017,19:45:42-05:00,1
2017,19:48:49-05:00,14
2017,20:35:54-05:00,21
2017,21:04:24-05:00,2
2017,22:16:08-05:00,24
2017,22:42:47-05:00,26
2017,23:11:14-05:00,2
2017,00:50:08-05:00,1
2017,01:10:11-05:00,1
2017,01:41:48-05:00,8
2017,02:03:22-05:00,1
2017,02:29:24-05:00,3
2017,11:59:45-05:00,4
2017,12:12:20-05:00,2
2017,12:16:28-05:00,1
2017,12:46:01-05:00,5
2017,12:52:22-05:00,1
2017,12:54:37-05:00,2
2017,13:14:04-05:00,1
2017,13:47:45-05:00,8
2017,14:02:33-05:00,14
2017,15:21:45-05:00,27
2017,16:50:17-05:00,7
2017,17:02:48-05:00,5
2017,17:39:18-05:00,36
2017,18:18:14-05:00,6
2017,18:25:51-05:00,1
2017,18:29:32-05:00,2
2017,18:36:52-05:00,2
2017,18:41:56-05:00,2
2017,18:45:50-05:00,1
2017,18:57:13-05:00,2
2017,19:16:07-05:00,2
2017,19:23:49-05:00,3
2017,19:27:54-05:00,1
2017,19:52:08-05:00,3
2017,19:57:50-05:00,5
2017,20:04:01-05:00,16
2017,20:22:10-05:00,2
2017,20:29:28-05:00,9
2017,20:43:00-05:00,1
2017,20:46:12-05:00,1
2017,20:49:25-05:00,1
2017,21:07:30-05:00,5
2017,22:06:46-05:00,5
2017,22:19:38-05:00,1
2017,22:28:35-05:00,5
2017,22:36:02-05:00,1
2017,22:38:17-05:00,1
2017,22:49:04-05:00,2
2017,22:52:26-05:00,3
2017,22:58:19-05:00,1
2017,23:06:05-05:00,4
2017,23:20:18-05:00,1
2017,23:24:06-05:00,1
2017,23:33:46-05:00,1
2017,23:38:21-05:00,10
2017,01:27:15-05:00,17
2017,01:56:26-05:00,1
2017,02:13:42-05:00,10
2017,08:24:02-05:00,1
2017,08:51:59-05:00,1
2017,08:59:07-05:00,1
2017,09:04:25-05:00,3
2017,09:16:10-05:00,1
2017,09:19:04-05:00,1
2017,09:21:06-05:00,10
2017,09:33:22-05:00,2
2017,09:37:39-05:00,1
2017,09:43:13-05:00,3
2017,10:21:42-05:00,1
2017,11:04:55-05:00,1
2017,12:03:10-05:00,2
2017,12:07:14-05:00,10
2017,12:52:15-05:00,3
2017,13:07:08-05:00,1
2017,13:40:43-05:00,6
2017,13:49:56-05:00,1
2017,13:56:19-05:00,6
2017,14:12:49-05:00,3
2017,14:25:01-05:00,9
2017,14:41:59-05:00,9
2017,14:57:37-05:00,6
2017,15:41:12-05:00,1
2017,15:47:11-05:00,1
2017,16:17:26-05:00,1
2017,17:15:35-05:00,9
2017,17:29:13-05:00,10
2017,17:41:43-05:00,2
2017,17:46:19-05:00,20
2017,18:09:04-05:00,8
2017,18:20:22-05:00,3
2017,18:27:07-05:00,2
2017,18:38:32-05:00,9
2017,18:56:05-05:00,7
2017,19:06:15-05:00,5
2017,19:15:17-05:00,8
2017,19:29:31-05:00,2
2017,19:44:04-05:00,6
2017,19:55:09-05:00,2
2017,19:59:31-05:00,2
2017,20:03:19-05:00,10
2017,20:16:18-05:00,66
2017,21:27:05-05:00,2
2017,21:39:42-05:00,1
2017,21:51:48-05:00,10
2017,22:03:35-05:00,1
2017,22:07:48-05:00,2
2017,22:16:59-05:00,1
2017,22:34:29-05:00,46
2017,07:57:30-05:00,3
2017,09:09:37-05:00,1
2017,09:34:09-05:00,1
2017,09:49:10-05:00,2
2017,10:07:26-05:00,2
2017,10:41:39-05:00,1
2017,11:03:30-05:00,2
2017,11:56:49-05:00,2
2017,12:11:13-05:00,2
2017,12:27:36-05:00,1
2017,13:15:34-05:00,1
2017,13:31:54-05:00,1
2017,13:35:06-05:00,3
2017,14:59:42-05:00,3
2017,15:05:14-05:00,4
2017,15:17:23-05:00,11
2017,16:27:44-05:00,3
2017,17:44:42-05:00,1
2017,17:52:47-05:00,1
2017,18:11:54-05:00,2
2017,18:29:37-05:00,6
2017,18:42:23-05:00,1
2017,19:43:27-05:00,1
2017,20:22:43-05:00,2
2017,20:26:54-05:00,1
2017,20:42:10-05:00,1
2017,20:56:55-05:00,9
2017,22:55:04-05:00,2
2017,23:08:38-05:00,1
2017,23:23:46-05:00,6
2017,00:08:37-05:00,2
2017,02:36:58-05:00,4
2017,02:42:07-05:00,2
2017,02:50:47-05:00,2
2017,10:07:57-05:00,1
2017,10:21:52-05:00,12
2017,10:37:32-05:00,3
2017,10:50:28-05:00,1
2017,10:59:50-05:00,5
2017,11:12:38-05:00,1
2017,11:38:41-05:00,1
2017,11:50:06-05:00,1
2017,12:15:29-05:00,2
2017,12:33:07-05:00,1
2017,12:53:01-05:00,7
2017,13:10:02-05:00,1
2017,13:31:43-05:00,2
2017,14:39:46-05:00,1
2017,15:15:06-05:00,1
2017,17:28:38-05:00,1
2017,17:39:21-05:00,1
2017,17:44:21-05:00,2
2017,17:50:44-05:00,2
2017,17:55:17-05:00,1
2017,18:04:02-05:00,17
2017,18:24:59-05:00,4
2017,18:31:01-05:00,2
2017,19:43:03-05:00,5
2017,19:49:23-05:00,3
2017,19:57:46-05:00,2
2017,20:32:12-05:00,2
2017,20:40:51-05:00,1
2017,20:45:09-05:00,1
2017,20:58:19-05:00,1
2017,22:43:17-05:00,1
2017,01:18:28-05:00,8
2017,01:57:06-05:00,45
2017,08:36:52-05:00,1
2017,08:43:33-05:00,1
2017,09:19:20-05:00,2
2017,09:44:18-05:00,1
2017,09:52:01-05:00,1
2017,10:17:53-05:00,4
2017,10:52:30-05:00,10
2017,11:05:30-05:00,6
2017,11:35:21-05:00,8
2017,11:55:51-05:00,1
2017,12:13:24-05:00,1
2017,12:16:14-05:00,5
2017,12:29:40-05:00,3
2017,12:36:58-05:00,1
2017,12:41:37-05:00,1
2017,12:50:13-05:00,2
2017,12:55:08-05:00,3
2017,13:11:45-05:00,1
2017,14:20:16-05:00,4
2017,14:29:03-05:00,1
2017,15:45:12-05:00,2
2017,16:30:23-05:00,1
2017,16:32:53-05:00,2
2017,16:35:58-05:00,8
2017,16:49:35-05:00,1
2017,17:08:57-05:00,1
2017,17:50:59-05:00,1
2017,18:04:08-05:00,5
2017,18:16:37-05:00,2
2017,18:27:06-05:00,1
2017,18:54:53-05:00,2
2017,18:57:54-05:00,2
2017,19:23:29-05:00,4
2017,19:36:58-05:00,3
2017,20:20:21-05:00,1
2017,21:12:31-05:00,1
2017,22:50:54-05:00,1
2017,23:35:21-05:00,1
2017,00:00:51-05:00,3
2017,02:49:20-05:00,1
2017,02:55:41-05:00,21
2017,03:18:21-05:00,170
2017,09:30:59-05:00,10
2017,12:22:01-05:00,1
2017,12:32:43-05:00,5
2017,12:52:56-05:00,1
2017,13:09:33-05:00,1
2017,13:11:51-05:00,3
2017,13:18:53-05:00,2
2017,13:22:44-05:00,9
2017,13:38:48-05:00,3
2017,13:51:09-05:00,4
2017,13:58:09-05:00,8
2017,14:08:02-05:00,27
2017,14:41:20-05:00,1
2017,14:50:25-05:00,2
2017,14:54:45-05:00,1
2017,14:57:02-05:00,1
2017,15:17:03-05:00,1
2017,15:25:27-05:00,7
2017,15:47:21-05:00,1
2017,16:17:49-05:00,1
2017,16:20:03-05:00,1
2017,16:24:16-05:00,7
2017,16:36:05-05:00,3
2017,16:41:06-05:00,10
2017,16:58:26-05:00,1
2017,17:35:58-05:00,4
2017,17:58:17-05:00,7
2017,18:07:52-05:00,15
2017,18:27:27-05:00,19
2017,19:05:03-05:00,3
2017,19:11:27-05:00,4
2017,19:18:31-05:00,2
2017,19:27:22-05:00,7
2017,19:35:51-05:00,30
2017,21:06:49-05:00,2
2017,21:21:49-05:00,1
2017,21:35:45-05:00,1
2017,21:37:58-05:00,26
2017,22:06:49-05:00,1
2017,23:05:51-05:00,1
2017,23:13:25-05:00,1
2017,23:47:04-05:00,2
2017,01:29:00-05:00,40
2017,02:14:00-05:00,20
2017,02:41:31-05:00,38
2017,12:05:54-05:00,1
2017,13:03:04-05:00,2
2017,13:26:28-05:00,1
2017,13:30:43-05:00,16
2017,13:56:52-05:00,1
2017,14:13:51-05:00,13
2017,14:35:48-05:00,4
2017,14:41:35-05:00,13
2017,15:09:45-05:00,3
2017,15:14:42-05:00,3
2017,15:29:15-05:00,5
2017,15:42:47-05:00,1
2017,15:48:31-05:00,1
2017,16:04:38-05:00,1
2017,16:13:15-05:00,1
2017,16:15:49-05:00,18
2017,16:38:40-05:00,2
2017,16:41:50-05:00,3
2017,16:48:25-05:00,36
2017,17:37:54-05:00,8
2017,17:55:12-05:00,1
2017,17:57:39-05:00,2
2017,20:45:00-05:00,9
2017,20:58:51-05:00,13
2017,21:29:36-05:00,20
2017,23:14:42-05:00,14
2017,23:59:51-05:00,1
2017,11:46:20-05:00,2
2017,12:12:55-05:00,8
2017,12:56:25-05:00,5
2017,13:18:08-05:00,1
2017,13:25:36-05:00,1
2017,13:29:26-05:00,2
2017,13:48:20-05:00,24
2017,15:16:45-05:00,2
2017,15:24:55-05:00,1
2017,16:03:34-05:00,2
2017,16:26:56-05:00,3
2017,17:36:23-05:00,1
2017,20:41:37-05:00,3
2017,21:15:18-05:00,12
2017,21:49:03-05:00,4
2017,06:01:15-05:00,1
2017,06:23:47-05:00,4
2017,09:24:58-05:00,1
2017,10:22:59-05:00,1
2017,12:06:17-05:00,14
2017,12:49:26-05:00,1
2017,12:59:39-05:00,12
2017,13:33:36-05:00,9
2017,13:44:25-05:00,7
2017,13:55:47-05:00,1
2017,14:11:10-05:00,6
2017,14:20:13-05:00,5
2017,15:59:52-05:00,2
2017,16:16:40-05:00,2
2017,16:53:50-05:00,2
2017,17:16:02-05:00,7
2017,20:15:54-05:00,5
2017,20:56:44-05:00,1
2017,21:08:16-05:00,1
2017,21:15:35-05:00,7
2017,21:27:08-05:00,2
2017,21:40:32-05:00,13
2017,22:33:36-05:00,1
2017,22:44:26-05:00,1
2017,22:55:31-05:00,1
2017,00:12:55-05:00,1
2017,00:19:09-05:00,2
2017,01:41:53-05:00,1
2017,04:48:59-05:00,1
2017,04:54:17-05:00,2
2017,10:49:55-05:00,1
2017,10:54:56-05:00,20
2017,11:16:00-05:00,9
2017,11:30:35-05:00,4
2017,12:09:12-05:00,1
2017,12:43:32-05:00,1
2017,12:45:56-05:00,2
2017,13:11:02-05:00,3
2017,13:31:57-05:00,1
2017,13:35:29-05:00,1
2017,13:52:38-05:00,1
2017,14:50:08-05:00,1
2017,14:54:42-05:00,7
2017,17:51:23-05:00,12
2017,19:20:32-05:00,2
2017,19:37:02-05:00,4
2017,20:09:15-05:00,8
2017,20:18:45-05:00,1
2017,20:24:19-05:00,5
2017,20:35:03-05:00,1
2017,20:40:13-05:00,5
2017,20:46:23-05:00,6
2017,21:06:14-05:00,1
2017,21:12:52-05:00,1
2017,21:32:58-05:00,1
2017,21:37:40-05:00,1
2017,21:52:40-05:00,5
2017,09:22:05-05:00,7
2017,09:32:45-05:00,6
2017,09:55:16-05:00,1
2017,10:02:00-05:00,1
2017,10:16:54-05:00,42
2017,11:18:00-05:00,1
2017,11:33:03-05:00,2
2017,12:26:15-05:00,3
2017,12:41:41-05:00,1
2017,13:00:56-05:00,1
2017,13:28:02-05:00,1
2017,14:56:08-05:00,2
2017,15:42:37-05:00,1
2017,16:48:16-05:00,3
2017,16:55:31-05:00,1
2017,16:58:28-05:00,5
2017,17:05:28-05:00,1
2017,17:09:10-05:00,3
2017,20:36:29-05:00,2
2017,20:49:48-05:00,2
2017,21:35:25-05:00,2
2017,21:41:45-05:00,1
2017,21:56:56-05:00,1
2017,22:27:46-05:00,6
2017,23:36:05-05:00,3
2017,00:53:45-05:00,1
2017,01:00:28-05:00,1
2017,02:46:45-05:00,39
2017,09:26:19-05:00,3
2017,11:02:07-05:00,1
2017,11:11:03-05:00,1
2017,11:46:33-05:00,7
2017,12:08:48-05:00,1
2017,12:20:34-05:00,1
2017,12:39:18-05:00,2
2017,12:55:24-05:00,1
2017,12:57:30-05:00,12
2017,13:26:38-05:00,1
2017,13:30:50-05:00,4
2017,13:40:02-05:00,3
2017,13:44:43-05:00,1
2017,13:48:13-05:00,8
2017,14:05:11-05:00,1
2017,14:07:57-05:00,2
2017,14:16:45-05:00,1
2017,14:19:03-05:00,7
2017,14:30:14-05:00,11
2017,14:43:07-05:00,1
2017,14:50:26-05:00,1
2017,15:35:27-05:00,3
2017,15:41:02-05:00,1
2017,15:43:46-05:00,1
2017,15:50:20-05:00,1
2017,18:04:43-05:00,42
2017,18:49:21-05:00,26
2017,19:17:09-05:00,2
2017,19:53:34-05:00,5
2017,20:11:15-05:00,3
2017,20:34:43-05:00,2
2017,20:53:37-05:00,3
2017,20:58:35-05:00,1
2017,21:01:42-05:00,4
2017,21:19:24-05:00,1
2017,21:24:53-05:00,1
2017,22:13:06-05:00,8
2017,10:00:17-05:00,1
2017,10:17:09-05:00,1
2017,10:49:59-05:00,4
2017,11:06:02-05:00,3
2017,11:32:33-05:00,5
2017,12:06:40-05:00,12
2017,12:22:15-05:00,11
2017,12:34:47-05:00,2
2017,12:44:55-05:00,3
2017,13:54:31-05:00,2
2017,13:58:13-05:00,1
2017,15:03:11-05:00,2
2017,15:06:14-05:00,4
2017,15:21:05-05:00,3
2017,15:31:15-05:00,6
2017,16:07:27-05:00,1
2017,16:23:05-05:00,5
2017,18:02:44-05:00,2
2017,18:06:49-05:00,16
2017,18:31:46-05:00,3
2017,19:21:35-05:00,1
2017,19:37:40-05:00,4
2017,20:52:26-05:00,34
2017,21:30:02-05:00,2
2017,21:40:57-05:00,9
2017,21:54:52-05:00,16
2017,22:12:07-05:00,2
2017,22:23:02-05:00,31
2017,22:56:16-05:00,1
2017,22:58:25-05:00,6
2017,23:13:37-05:00,5
2017,23:42:36-05:00,9
2017,23:56:41-05:00,1
2017,01:12:19-05:00,36
2017,09:03:34-05:00,9
2017,11:52:26-05:00,3
2017,12:00:13-05:00,1
2017,13:12:36-05:00,6
2017,17:34:40-05:00,3
2017,17:42:33-05:00,116
2017,19:55:26-05:00,3
2017,20:00:15-05:00,11
2017,20:16:18-05:00,1
2017,20:56:07-05:00,2
2017,20:59:11-05:00,13
2017,22:48:58-05:00,1
2017,23:09:13-05:00,2
2017,00:00:36-05:00,11
2017,00:20:24-05:00,6
2017,00:45:59-05:00,1
2017,00:50:56-05:00,4
2017,01:12:00-05:00,4
2017,01:21:24-05:00,1
2017,01:26:48-05:00,2
2017,02:14:40-05:00,18
2017,11:05:14-05:00,1
2017,12:58:34-05:00,16
2017,13:50:40-05:00,3
2017,14:36:33-05:00,6
2017,14:45:33-05:00,9
2017,15:51:24-05:00,14
2017,16:24:08-05:00,1
2017,16:32:35-05:00,5
2017,16:42:23-05:00,1
2017,17:49:27-05:00,6
2017,17:59:02-05:00,1
2017,18:10:50-05:00,27
2017,19:02:34-05:00,4
2017,19:32:57-05:00,10
2017,19:49:23-05:00,1
2017,19:57:41-05:00,30
2017,20:48:48-05:00,1
2017,22:29:19-05:00,3
2017,23:19:20-05:00,1
2017,23:25:53-05:00,2
2017,23:47:59-05:00,1
2017,06:11:13-05:00,8
2017,09:38:11-05:00,2
2017,10:11:08-05:00,2
2017,10:31:53-05:00,3
2017,11:02:23-05:00,1
2017,11:39:30-05:00,3
2017,12:20:58-05:00,8
2017,14:00:13-05:00,3
2017,14:05:09-05:00,6
2017,14:13:40-05:00,3
2017,14:37:05-05:00,3
2017,16:10:14-05:00,2
2017,16:38:07-05:00,9
2017,17:07:13-05:00,4
2017,17:15:49-05:00,1
2017,17:17:51-05:00,3
2017,17:23:19-05:00,1
2017,17:26:04-05:00,1
2017,17:37:09-05:00,1
2017,17:45:36-05:00,1
2017,17:50:55-05:00,4
2017,17:59:10-05:00,2
2017,20:01:13-05:00,1
2017,23:24:12-05:00,13
2017,23:39:27-05:00,20
2017,09:21:31-05:00,1
2017,09:47:43-05:00,8
2017,10:04:23-05:00,9
2017,11:59:42-05:00,16
2017,14:26:33-05:00,3
2017,15:02:18-05:00,2
2017,15:16:00-05:00,65
2017,16:37:35-05:00,4
2017,19:20:20-05:00,1
2017,20:01:57-05:00,17
2017,20:24:03-05:00,41
2017,22:36:07-05:00,8
2017,09:12:25-05:00,1
2017,09:40:49-05:00,8
2017,10:19:18-05:00,3
2017,10:33:36-05:00,3
2017,11:45:06-05:00,2
2017,11:57:18-05:00,1
2017,12:01:17-05:00,1
2017,12:06:38-05:00,1
2017,12:25:58-05:00,3
2017,12:45:00-05:00,3
2017,13:00:55-05:00,2
2017,13:05:11-05:00,3
2017,13:10:40-05:00,1
2017,13:23:52-05:00,4
2017,13:43:02-05:00,6
2017,13:59:47-05:00,1
2017,14:03:13-05:00,1
2017,15:04:15-05:00,1
2017,16:00:45-05:00,1
2017,16:33:32-05:00,2
2017,16:38:01-05:00,13
2017,17:17:40-05:00,2
2017,17:30:59-05:00,1
2017,17:33:55-05:00,1
2017,17:36:21-05:00,2
2017,18:09:28-05:00,23
2017,18:48:43-05:00,1
2017,19:10:57-05:00,22
2017,19:50:49-05:00,3
2017,19:57:52-05:00,16
2017,20:33:34-05:00,35
2017,21:09:46-05:00,1
2017,21:14:44-05:00,7
2017,21:32:46-05:00,1
2017,21:58:30-05:00,3
2017,22:21:13-05:00,4
2017,22:28:00-05:00,3
2017,22:32:18-05:00,10
2017,22:44:55-05:00,5
2017,23:01:03-05:00,4
2017,23:07:34-05:00,4
2017,00:00:35-05:00,63
2017,09:34:13-05:00,8
2017,10:01:36-05:00,1
2017,10:43:09-05:00,23
2017,11:37:22-05:00,5
2017,12:09:31-05:00,11
2017,14:51:05-05:00,9
2017,15:48:50-05:00,1
2017,16:54:04-05:00,94
2017,19:10:34-05:00,2
2017,19:15:10-05:00,2
2017,19:25:11-05:00,2
2017,19:36:08-05:00,11
2017,19:52:00-05:00,16
2017,20:11:07-05:00,18
2017,21:01:09-05:00,3
2017,21:49:30-05:00,1
2017,23:35:53-05:00,1
2017,09:00:17-05:00,1
2017,09:30:26-05:00,7
2017,09:41:16-05:00,25
2017,10:13:57-05:00,11
2017,10:37:36-05:00,1
2017,11:27:54-05:00,9
2017,12:20:32-05:00,14
2017,13:31:57-05:00,34
2017,16:07:17-05:00,40
2017,16:50:08-05:00,2
2017,17:00:48-05:00,2
2017,17:04:52-05:00,16
2017,18:00:35-05:00,16
2017,18:18:58-05:00,28
2017,18:57:55-05:00,1
2017,19:50:52-05:00,1
2017,21:02:46-05:00,2
2017,21:08:14-05:00,2
2017,21:41:54-05:00,2
2017,23:56:35-05:00,4
2017,11:12:10-05:00,1
2017,12:24:01-05:00,1
2017,12:27:05-05:00,3
2017,12:53:41-05:00,3
2017,13:01:49-05:00,1
2017,13:05:10-05:00,33
2017,13:40:41-05:00,22
2017,14:07:21-05:00,4
2017,14:21:56-05:00,2
2017,14:30:58-05:00,1
2017,14:37:52-05:00,1
2017,14:41:57-05:00,5
2017,15:01:49-05:00,11
2017,15:15:07-05:00,3
2017,15:20:36-05:00,3
2017,15:31:14-05:00,7
2017,16:10:24-05:00,4
2017,16:21:24-05:00,4
2017,17:07:47-05:00,3
2017,17:17:55-05:00,1
2017,17:42:16-05:00,1
2017,17:47:36-05:00,1
2017,17:53:36-05:00,11
2017,18:19:59-05:00,14
2017,18:37:01-05:00,3
2017,18:42:39-05:00,1
2017,20:34:40-05:00,2
2017,22:26:34-05:00,1
2017,22:42:16-05:00,4
2017,22:49:44-05:00,4
2017,22:55:21-05:00,3
2017,11:04:30-05:00,5
2017,11:13:39-05:00,8
2017,11:46:34-05:00,2
2017,11:52:14-05:00,2
2017,12:00:57-05:00,9
2017,12:11:15-05:00,4
2017,12:20:17-05:00,1
2017,12:25:36-05:00,1
2017,12:29:37-05:00,4
2017,12:40:11-05:00,3
2017,12:49:52-05:00,20
2017,13:21:57-05:00,1
2017,13:28:57-05:00,1
2017,13:33:07-05:00,6
2017,14:13:58-05:00,4
2017,14:20:11-05:00,2
2017,14:34:08-05:00,3
2017,14:38:51-05:00,2
2017,14:41:55-05:00,3
2017,14:50:03-05:00,1
2017,15:14:14-05:00,2
2017,15:18:08-05:00,2
2017,15:32:29-05:00,1
2017,15:47:30-05:00,2
2017,15:51:20-05:00,3
2017,16:20:59-05:00,2
2017,16:58:58-05:00,1
2017,17:12:30-05:00,1
2017,17:20:10-05:00,7
2017,17:38:29-05:00,1
2017,17:42:10-05:00,3
2017,17:55:20-05:00,1
2017,18:24:23-05:00,3
2017,18:30:19-05:00,5
2017,18:37:39-05:00,2
2017,18:40:45-05:00,1
2017,18:45:44-05:00,3
2017,19:01:38-05:00,4
2017,19:14:00-05:00,3
2017,19:31:12-05:00,24
2017,19:58:24-05:00,1
2017,20:04:29-05:00,4
2017,20:14:04-05:00,3
2017,20:44:18-05:00,3
2017,21:02:07-05:00,1
2017,21:06:29-05:00,2
2017,03:57:55-05:00,1
2017,09:32:11-05:00,18
2017,10:03:08-05:00,4
2017,10:25:27-05:00,7
2017,10:48:05-05:00,1
2017,11:01:14-05:00,1
2017,11:13:50-05:00,2
2017,11:24:38-05:00,13
2017,11:41:04-05:00,1
2017,11:49:05-05:00,2
2017,12:01:38-05:00,10
2017,12:24:32-05:00,6
2017,12:38:33-05:00,6
2017,12:45:43-05:00,12
2017,13:08:45-05:00,11
2017,13:24:36-05:00,2
2017,13:35:47-05:00,4
2017,13:41:42-05:00,1
2017,13:45:06-05:00,1
2017,13:50:08-05:00,5
2017,13:57:58-05:00,13
2017,14:14:02-05:00,8
2017,14:34:18-05:00,1
2017,15:14:16-05:00,3
2017,15:29:24-05:00,3
2017,15:34:55-05:00,2
2017,16:21:11-05:00,1
2017,16:25:35-05:00,2
2017,17:04:25-05:00,3
2017,17:46:38-05:00,2
2017,17:59:47-05:00,1
2017,18:08:45-05:00,3
2017,18:15:17-05:00,2
2017,18:20:13-05:00,11
2017,18:33:58-05:00,2
2017,18:36:59-05:00,9
2017,19:11:49-05:00,1
2017,09:04:26-05:00,2
2017,09:47:35-05:00,3
2017,09:54:08-05:00,1
2017,10:24:08-05:00,1
2017,10:56:08-05:00,1
2017,11:41:21-05:00,1
2017,11:58:03-05:00,1
2017,12:21:41-05:00,1
2017,12:25:01-05:00,8
2017,12:36:47-05:00,2
2017,12:40:10-05:00,2
2017,12:47:08-05:00,1
2017,13:01:36-05:00,3
2017,13:11:30-05:00,1
2017,13:17:05-05:00,1
2017,13:21:00-05:00,2
2017,13:28:38-05:00,2
2017,13:41:35-05:00,7
2017,15:00:05-05:00,2
2017,15:05:20-05:00,1
2017,15:52:07-05:00,2
2017,15:58:32-05:00,1
2017,16:43:23-05:00,3
2017,17:11:51-05:00,1
2017,17:45:53-05:00,2
2017,17:53:12-05:00,2
2017,18:11:03-05:00,1
2017,18:18:04-05:00,3
2017,18:23:41-05:00,2
2017,18:26:45-05:00,4
2017,18:35:21-05:00,2
2017,18:46:12-05:00,8
2017,20:08:13-05:00,3
2017,20:14:35-05:00,1
2017,20:16:58-05:00,13
2017,20:44:26-05:00,10
2017,20:56:35-05:00,10
2017,21:41:05-05:00,13
2017,21:58:51-05:00,4
2017,22:09:54-05:00,1
2017,00:06:14-05:00,3
2017,00:12:04-05:00,1
2017,00:39:40-05:00,2
2017,01:44:59-05:00,12
2017,02:18:09-05:00,34
2017,03:03:54-05:00,13
2017,09:16:03-05:00,8
2017,09:27:25-05:00,13
2017,09:59:24-05:00,2
2017,10:12:53-05:00,1
2017,10:25:20-05:00,2
2017,10:43:29-05:00,1
2017,11:03:01-05:00,1
2017,11:45:35-05:00,1
2017,11:48:25-05:00,2
2017,11:57:00-05:00,2
2017,12:27:33-05:00,4
2017,12:40:40-05:00,3
2017,13:04:35-05:00,6
2017,13:39:38-05:00,1
2017,14:04:45-05:00,5
2017,14:38:55-05:00,1
2017,14:56:11-05:00,4
2017,15:08:24-05:00,7
2017,15:58:50-05:00,1
2017,16:14:57-05:00,1
2017,17:49:07-05:00,1
2017,18:36:59-05:00,1
2017,18:40:15-05:00,3
2017,18:47:27-05:00,6
2017,18:55:56-05:00,1
2017,20:09:02-05:00,4
2017,06:42:54-05:00,14
2017,09:36:09-05:00,1
2017,09:46:39-05:00,11
2017,10:24:03-05:00,1
2017,10:35:53-05:00,4
2017,10:43:22-05:00,2
2017,11:30:29-05:00,2
2017,12:00:25-05:00,1
2017,12:19:44-05:00,1
2017,12:22:09-05:00,23
2017,12:49:26-05:00,8
2017,12:59:29-05:00,5
2017,13:12:32-05:00,3
2017,13:49:52-05:00,5
2017,14:22:27-05:00,1
2017,14:45:56-05:00,8
2017,14:57:34-05:00,2
2017,15:23:24-05:00,1
2017,15:38:59-05:00,1
2017,15:54:46-05:00,1
2017,16:23:29-05:00,1
2017,16:51:37-05:00,1
2017,17:26:01-05:00,3
2017,18:01:24-05:00,2
2017,18:54:11-05:00,1
2017,19:01:13-05:00,2
2017,19:28:13-05:00,1
2017,20:19:26-05:00,17
2017,20:40:55-05:00,29
2017,22:07:16-05:00,17
2017,22:50:13-05:00,4
2017,23:45:10-05:00,4
2017,23:50:42-05:00,9
2017,00:06:03-05:00,1
2017,00:08:42-05:00,4
2017,00:21:40-05:00,1
2017,09:28:05-05:00,14
2017,10:18:01-05:00,2
2017,10:34:09-05:00,2
2017,10:38:18-05:00,2
2017,10:47:25-05:00,3
2017,10:55:15-05:00,2
2017,11:49:11-05:00,1
2017,12:27:02-05:00,2
2017,12:32:24-05:00,7
2017,13:06:14-05:00,3
2017,13:10:20-05:00,3
2017,13:28:54-05:00,1
2017,13:50:22-05:00,1
2017,13:54:31-05:00,1
2017,14:05:09-05:00,1
2017,14:22:38-05:00,1
2017,14:25:43-05:00,9
2017,15:19:02-05:00,3
2017,15:48:35-05:00,2
2017,16:00:03-05:00,3
2017,16:13:00-05:00,1
2017,16:21:32-05:00,8
2017,16:33:17-05:00,8
2017,16:52:08-05:00,4
2017,17:22:18-05:00,1
2017,17:34:01-05:00,1
2017,17:39:16-05:00,1
2017,18:36:53-05:00,1
2017,18:39:59-05:00,1
2017,18:48:50-05:00,2
2017,19:02:39-05:00,44
2017,21:01:50-05:00,2
2017,22:17:30-05:00,1
2017,23:52:49-05:00,1
2017,00:03:19-05:00,64
2017,02:03:01-05:00,6
2017,02:12:19-05:00,10
2017,16:58:11-05:00,11
2017,17:11:51-05:00,1
2017,17:34:28-05:00,5
2017,20:59:30-05:00,3
2017,21:52:38-05:00,17
2017,22:14:28-05:00,1
2017,22:17:12-05:00,1
2017,23:37:50-05:00,1
2017,00:01:24-05:00,1
2017,01:53:19-05:00,1
2017,02:10:53-05:00,1
2017,12:26:31-05:00,3
2017,12:34:35-05:00,34
2017,13:11:39-05:00,5
2017,13:20:34-05:00,1
2017,15:06:51-05:00,2
2017,15:17:49-05:00,4
2017,15:29:55-05:00,15
2017,15:47:20-05:00,12
2017,16:08:29-05:00,1
2017,16:13:05-05:00,10
2017,16:26:06-05:00,1
2017,16:40:50-05:00,4
2017,16:47:10-05:00,5
2017,16:53:30-05:00,7
2017,17:05:16-05:00,6
2017,17:13:48-05:00,1
2017,17:16:06-05:00,1
2017,17:39:16-05:00,3
2017,18:18:46-05:00,1
2017,18:22:33-05:00,1
2017,18:24:39-05:00,1
2017,21:13:51-05:00,2
2017,21:28:15-05:00,2
2017,21:31:38-05:00,1
2017,21:59:33-05:00,1
2017,22:04:45-05:00,2
2017,22:19:44-05:00,3
2017,22:53:48-05:00,1
2017,23:22:33-05:00,2
2017,23:27:30-05:00,11
2017,00:39:10-05:00,1
2017,00:45:29-05:00,4
2017,03:03:26-05:00,9
2017,09:56:40-05:00,2
2017,10:06:47-05:00,2
2017,10:12:16-05:00,1
2017,10:23:11-05:00,4
2017,11:56:15-05:00,8
2017,12:18:55-05:00,2
2017,12:30:43-05:00,1
2017,12:35:18-05:00,2
2017,12:40:13-05:00,1
2017,13:13:20-05:00,1
2017,13:38:44-05:00,1
2017,15:43:26-05:00,9
2017,16:06:12-05:00,1
2017,16:15:17-05:00,3
2017,16:19:24-05:00,3
2017,16:25:50-05:00,1
2017,16:28:44-05:00,2
2017,16:37:27-05:00,1
2017,16:41:56-05:00,3
2017,16:46:51-05:00,2
2017,17:05:04-05:00,1
2017,17:10:50-05:00,1
2017,17:13:53-05:00,1
2017,17:33:26-05:00,2
2017,17:42:19-05:00,4
2017,17:49:17-05:00,8
2017,18:01:56-05:00,4
2017,18:10:43-05:00,1
2017,18:17:16-05:00,1
2017,18:20:06-05:00,5
2017,18:42:10-05:00,3
2017,18:48:24-05:00,1
2017,19:24:23-05:00,18
2017,19:44:52-05:00,24
2017,20:09:59-05:00,3
2017,20:19:21-05:00,2
2017,20:28:04-05:00,6
2017,20:37:56-05:00,2
2017,20:53:56-05:00,2
2017,21:40:11-05:00,1
2017,22:06:52-05:00,1
2017,22:10:37-05:00,2
2017,23:29:06-05:00,1
2017,23:32:32-05:00,2
2017,23:39:42-05:00,2
2017,00:29:15-05:00,5
2017,00:58:28-05:00,3
2017,10:02:03-05:00,1
2017,10:15:36-05:00,3
2017,11:22:09-05:00,1
2017,11:41:08-05:00,4
2017,12:11:30-05:00,1
2017,12:27:39-05:00,5
2017,12:43:00-05:00,5
2017,12:49:47-05:00,2
2017,13:07:13-05:00,1
2017,15:10:43-05:00,2
2017,15:15:49-05:00,3
2017,15:20:41-05:00,1
2017,15:41:12-05:00,1
2017,15:50:19-05:00,1
2017,16:02:04-05:00,1
2017,16:08:35-05:00,4
2017,16:21:25-05:00,2
2017,16:29:22-05:00,4
2017,16:36:31-05:00,6
2017,16:48:04-05:00,3
2017,17:44:54-05:00,7
2017,18:11:11-05:00,1
2017,18:26:17-05:00,1
2017,18:34:46-05:00,6
2017,18:42:18-05:00,1
2017,18:46:24-05:00,1
2017,18:52:38-05:00,2
2017,19:13:37-05:00,2
2017,20:03:39-05:00,1
2017,21:36:14-05:00,14
2017,00:14:35-05:00,17
2017,09:51:11-05:00,11
2017,10:11:01-05:00,23
2017,10:58:23-05:00,2
2017,11:03:18-05:00,1
2017,11:50:01-05:00,2
2017,12:08:43-05:00,3
2017,12:17:14-05:00,2
2017,12:21:26-05:00,1
2017,12:26:22-05:00,2
2017,12:47:20-05:00,2
2017,13:43:10-05:00,3
2017,14:09:40-05:00,6
2017,14:22:01-05:00,3
2017,14:37:55-05:00,5
2017,14:50:11-05:00,5
2017,15:04:11-05:00,8
2017,15:20:01-05:00,3
2017,15:28:50-05:00,3
2017,15:35:31-05:00,5
2017,15:48:50-05:00,2
2017,15:56:00-05:00,9
2017,16:25:32-05:00,2
2017,16:29:49-05:00,1
2017,16:41:24-05:00,2
2017,16:48:40-05:00,1
2017,16:57:50-05:00,1
2017,17:00:17-05:00,1
2017,17:22:32-05:00,17
2017,18:03:04-05:00,1
2017,19:10:11-05:00,2
2017,19:13:26-05:00,1
2017,19:26:29-05:00,8
2017,20:00:59-05:00,2
2017,20:09:06-05:00,3
2017,20:58:29-05:00,5
2017,21:06:12-05:00,1
2017,21:09:32-05:00,15
2017,21:26:00-05:00,15
2017,21:44:56-05:00,1
2017,21:56:48-05:00,2
2017,23:55:07-05:00,3
2017,10:04:23-05:00,15
2017,10:23:16-05:00,1
2017,10:29:11-05:00,4
2017,10:53:16-05:00,5
2017,11:01:22-05:00,1
2017,11:10:22-05:00,1
2017,11:58:59-05:00,4
2017,12:06:24-05:00,9
2017,12:36:27-05:00,5
2017,13:30:13-05:00,2
2017,13:55:03-05:00,1
2017,14:09:25-05:00,1
2017,14:12:48-05:00,1
2017,14:24:33-05:00,1
2017,14:27:04-05:00,1
2017,14:41:36-05:00,3
2017,14:47:00-05:00,2
2017,14:56:45-05:00,3
2017,15:08:14-05:00,1
2017,15:10:40-05:00,2
2017,15:15:08-05:00,5
2017,17:13:03-05:00,2
2017,17:28:07-05:00,2
2017,17:39:37-05:00,2
2017,17:50:02-05:00,4
2017,17:56:16-05:00,4
2017,18:19:55-05:00,2
2017,18:27:49-05:00,17
2017,18:48:39-05:00,49
2017,19:39:51-05:00,1
2017,20:45:52-05:00,3
2017,09:30:14-05:00,1
2017,09:32:31-05:00,2
2017,10:00:34-05:00,1
2017,10:15:34-05:00,3
2017,11:40:33-05:00,3
2017,12:02:27-05:00,17
2017,12:21:10-05:00,6
2017,12:32:51-05:00,1
2017,12:39:32-05:00,8
2017,12:59:53-05:00,10
2017,13:44:40-05:00,1
2017,14:21:56-05:00,2
2017,14:26:07-05:00,1
2017,14:28:43-05:00,5
2017,14:54:02-05:00,3
2017,15:09:21-05:00,3
2017,15:54:29-05:00,1
2017,16:05:25-05:00,5
2017,16:26:05-05:00,1
2017,16:58:41-05:00,11
2017,17:31:41-05:00,1
2017,18:02:50-05:00,1
2017,18:09:56-05:00,1
2017,22:22:24-05:00,15
2017,00:42:56-05:00,1
2017,00:46:00-05:00,2
2017,00:50:59-05:00,1
2017,00:55:50-05:00,1
2017,01:02:06-05:00,2
2017,01:43:10-05:00,3
2017,06:29:53-05:00,7
2017,06:59:17-05:00,1
2017,08:32:33-05:00,1
2017,08:34:45-05:00,1
2017,09:07:31-05:00,4
2017,09:14:15-05:00,11
2017,09:29:22-05:00,5
2017,09:52:52-05:00,18
2017,10:22:44-05:00,5
2017,10:29:52-05:00,2
2017,10:40:41-05:00,26
2017,14:52:11-05:00,6
2017,15:06:49-05:00,11
2017,15:21:30-05:00,2
2017,15:30:33-05:00,1
2017,15:42:50-05:00,1
2017,15:45:10-05:00,3
2017,16:00:26-05:00,3
2017,17:16:48-05:00,1
2017,17:26:19-05:00,1
2017,17:52:09-05:00,1
2017,18:00:08-05:00,7
2017,18:08:32-05:00,1
2017,18:36:43-05:00,1
2017,18:39:15-05:00,27
2017,19:32:08-05:00,6
2017,19:44:02-05:00,9
2017,19:59:45-05:00,2
2017,20:04:22-05:00,20
2017,20:26:23-05:00,2
2017,21:31:16-05:00,2
2017,21:41:19-05:00,1
2017,21:45:59-05:00,5
2017,22:33:28-05:00,1
2017,00:00:46-05:00,4
2017,00:10:01-05:00,2
2017,00:35:32-05:00,5
2017,01:22:46-05:00,1
2017,01:25:07-05:00,1
2017,01:50:36-05:00,6
2017,02:09:15-05:00,7
2017,02:29:00-05:00,2
2017,10:31:05-05:00,31
2017,11:39:31-05:00,24
2017,12:32:04-05:00,24
2017,14:49:18-05:00,1
2017,15:02:39-05:00,8
2017,15:29:44-05:00,1
2017,15:47:58-05:00,1
2017,15:51:04-05:00,2
2017,16:03:05-05:00,1
2017,16:07:00-05:00,1
2017,16:23:08-05:00,1
2017,16:35:03-05:00,2
2017,16:38:07-05:00,1
2017,18:02:22-05:00,1
2017,18:23:50-05:00,3
2017,19:03:40-05:00,1
2017,19:35:15-05:00,1
2017,19:37:57-05:00,3
2017,19:42:03-05:00,13
2017,19:58:14-05:00,1
2017,20:04:11-05:00,2
2017,20:12:37-05:00,2
2017,20:56:53-05:00,1
2017,21:01:21-05:00,6
2017,21:08:52-05:00,1
2017,21:13:35-05:00,1
2017,21:19:56-05:00,2
2017,22:49:34-05:00,1
2017,22:52:29-05:00,1
2017,22:54:40-05:00,1
2017,23:08:38-05:00,2
2017,23:23:14-05:00,2
2017,23:38:41-05:00,1
2017,23:53:04-05:00,1
2017,00:46:24-05:00,16
2017,01:15:13-05:00,1
2017,01:22:22-05:00,1
2017,01:38:25-05:00,9
2017,02:20:42-05:00,12
2017,02:35:51-05:00,3
2017,09:09:05-05:00,8
2017,12:23:52-05:00,1
2017,13:01:53-05:00,5
2017,13:28:10-05:00,3
2017,13:32:35-05:00,2
2017,13:48:34-05:00,1
2017,13:59:32-05:00,4
2017,14:27:31-05:00,3
2017,14:31:32-05:00,3
2017,14:38:27-05:00,9
2017,14:49:42-05:00,3
2017,15:00:39-05:00,2
2017,15:06:12-05:00,2
2017,15:16:31-05:00,1
2017,15:22:39-05:00,7
2017,15:31:30-05:00,6
2017,15:42:05-05:00,1
2017,15:44:32-05:00,1
2017,15:48:28-05:00,1
2017,16:03:08-05:00,1
2017,16:06:19-05:00,3
2017,16:11:28-05:00,13
2017,16:46:36-05:00,2
2017,17:02:51-05:00,2
2017,17:06:59-05:00,1
2017,17:09:09-05:00,1
2017,17:11:16-05:00,1
2017,17:19:30-05:00,1
2017,18:03:05-05:00,11
2017,18:15:55-05:00,3
2017,18:22:26-05:00,1
2017,18:25:01-05:00,2
2017,18:29:06-05:00,12
2017,18:44:37-05:00,1
2017,19:15:56-05:00,5
2017,19:26:29-05:00,2
2017,19:32:08-05:00,1
2017,19:34:35-05:00,1
2017,19:36:37-05:00,8
2017,19:53:26-05:00,8
2017,20:13:31-05:00,2
2017,20:21:40-05:00,5
2017,20:49:24-05:00,3
2017,20:54:11-05:00,1
2017,20:58:55-05:00,2
2017,21:06:56-05:00,1
2017,21:11:17-05:00,9
2017,21:23:26-05:00,2
2017,21:41:58-05:00,1
2017,22:07:31-05:00,3
2017,22:17:05-05:00,1
2017,22:21:25-05:00,1
2017,22:24:30-05:00,11
2017,22:40:32-05:00,2
2017,22:49:28-05:00,3
2017,22:59:38-05:00,1
2017,23:01:54-05:00,1
2017,23:04:37-05:00,1
2017,23:10:41-05:00,2
2017,23:16:50-05:00,1
2017,23:22:02-05:00,2
2017,23:26:22-05:00,15
2017,23:50:08-05:00,4
2017,23:57:47-05:00,3
2017,00:00:12-05:00,1
2017,03:31:47-05:00,3
2017,08:23:56-05:00,22
2017,09:03:03-05:00,2
2017,09:08:33-05:00,2
2017,09:13:23-05:00,27
2017,11:18:54-05:00,2
2017,11:38:43-05:00,1
2017,11:46:14-05:00,29
2017,12:18:47-05:00,1
2017,12:23:47-05:00,9
2017,12:41:57-05:00,1
2017,12:46:35-05:00,15
2017,13:11:02-05:00,1
2017,13:40:52-05:00,2
2017,13:43:59-05:00,2
2017,13:54:22-05:00,2
2017,13:59:47-05:00,2
2017,14:03:36-05:00,2
2017,14:15:05-05:00,3
2017,14:37:10-05:00,1
2017,14:39:15-05:00,3
2017,14:51:53-05:00,1
2017,14:54:17-05:00,1
2017,15:12:11-05:00,1
2017,15:20:48-05:00,18
2017,15:42:18-05:00,2
2017,17:03:51-05:00,2
2017,17:13:49-05:00,22
2017,17:38:52-05:00,2
2017,17:45:46-05:00,13
2017,18:02:17-05:00,2
2017,19:22:03-05:00,8
2017,20:02:55-05:00,1
2017,20:41:10-05:00,1
2017,20:44:13-05:00,3
2017,20:53:42-05:00,8
2017,21:07:32-05:00,1
2017,21:42:56-05:00,6
2017,22:09:08-05:00,1
2017,07:50:53-05:00,1
2017,09:18:04-05:00,1
2017,09:27:32-05:00,1
2017,10:01:02-05:00,2
2017,10:23:09-05:00,2
2017,10:35:01-05:00,8
2017,10:47:26-05:00,2
2017,10:51:50-05:00,7
2017,11:03:07-05:00,1
2017,11:06:17-05:00,4
2017,11:21:06-05:00,11
2017,11:33:09-05:00,3
2017,11:39:09-05:00,2
2017,11:44:48-05:00,1
2017,11:47:40-05:00,1
2017,11:51:54-05:00,3
2017,11:58:50-05:00,1
2017,12:01:17-05:00,17
2017,12:21:56-05:00,2
2017,12:25:39-05:00,2
2017,12:29:39-05:00,2
2017,12:39:35-05:00,1
2017,12:53:10-05:00,1
2017,12:59:56-05:00,20
2017,13:23:29-05:00,2
2017,13:27:56-05:00,1
2017,15:52:05-05:00,1
2017,15:55:20-05:00,2
2017,16:06:50-05:00,25
2017,16:34:25-05:00,1
2017,16:39:34-05:00,1
2017,16:48:49-05:00,7
2017,17:01:06-05:00,1
2017,17:07:12-05:00,15
2017,17:24:26-05:00,14
2017,17:48:13-05:00,1
2017,17:59:02-05:00,5
2017,18:17:38-05:00,5
2017,19:25:55-05:00,1
2017,19:32:15-05:00,1
2017,19:34:33-05:00,1
2017,19:36:47-05:00,1
2017,19:41:41-05:00,1
2017,19:50:54-05:00,6
2017,19:58:34-05:00,1
2017,20:07:38-05:00,1
2017,20:46:31-05:00,8
2017,21:00:48-05:00,1
2017,21:05:41-05:00,1
2017,21:13:42-05:00,1
2017,21:21:47-05:00,21
2017,21:45:18-05:00,1
2017,21:48:53-05:00,2
2017,22:10:21-05:00,1
2017,22:33:27-05:00,15
2017,22:50:33-05:00,2
2017,23:02:42-05:00,4
2017,23:27:57-05:00,1
2017,23:45:12-05:00,15
2017,10:12:41-05:00,2
2017,10:18:19-05:00,6
2017,10:28:36-05:00,7
2017,10:41:40-05:00,2
2017,11:05:45-05:00,1
2017,11:14:20-05:00,2
2017,11:24:16-05:00,2
2017,11:28:39-05:00,2
2017,11:56:21-05:00,3
2017,12:22:45-05:00,1
2017,13:17:49-05:00,1
2017,14:30:54-05:00,3
2017,14:34:56-05:00,1
2017,14:56:37-05:00,3
2017,15:18:03-05:00,3
2017,15:29:42-05:00,1
2017,15:36:36-05:00,1
2017,16:00:16-05:00,2
2017,16:04:07-05:00,4
2017,17:13:49-05:00,1
2017,17:35:43-05:00,1
2017,17:58:02-05:00,1
2017,18:00:14-05:00,4
2017,18:58:27-05:00,7
2017,20:07:18-05:00,5
2017,20:38:47-05:00,1
2017,21:41:35-05:00,59
2017,22:41:52-05:00,1
2017,22:54:04-05:00,1
2017,00:58:57-05:00,36
2017,01:43:24-05:00,6
2017,02:01:21-05:00,3
2017,09:18:12-05:00,2
2017,09:58:36-05:00,1
2017,10:12:36-05:00,1
2017,10:29:25-05:00,1
2017,12:18:22-05:00,3
2017,12:29:30-05:00,3
2017,12:45:05-05:00,1
2017,12:55:11-05:00,1
2017,12:58:04-05:00,4
2017,13:35:52-05:00,3
2017,14:07:52-05:00,3
2017,15:15:28-05:00,1
2017,15:40:29-05:00,4
2017,15:45:55-05:00,2
2017,16:50:29-05:00,1
2017,17:29:30-05:00,1
2017,18:19:06-05:00,1
2017,18:27:32-05:00,1
2017,00:07:17-05:00,1
2017,00:13:43-05:00,5
2017,00:28:57-05:00,1
2017,02:07:03-05:00,5
2017,03:55:28-05:00,5
2017,04:02:59-05:00,15
2017,13:36:46-05:00,20
2017,14:00:18-05:00,59
2017,15:06:15-05:00,2
2017,15:31:36-05:00,5
2017,16:37:15-05:00,29
2017,17:12:29-05:00,18
2017,17:33:55-05:00,16
2017,17:58:52-05:00,1
2017,18:07:29-05:00,1
2017,18:49:03-05:00,1
2017,19:28:59-05:00,1
2017,20:59:30-05:00,1
2017,21:15:51-05:00,3
2017,21:31:06-05:00,27
2017,22:14:22-05:00,2
2017,22:18:20-05:00,72
2017,08:52:34-05:00,7
2017,09:18:53-05:00,8
2017,10:31:01-05:00,22
2017,12:55:04-05:00,8
2017,13:20:46-05:00,8
2017,13:48:00-05:00,2
2017,14:45:01-05:00,16
2017,15:03:53-05:00,1
2017,15:22:39-05:00,2
2017,15:28:49-05:00,9
2017,15:58:20-05:00,2
2017,16:08:24-05:00,1
2017,16:10:58-05:00,17
2017,16:38:00-05:00,2
2017,16:55:30-05:00,1
2017,17:02:51-05:00,1
2017,17:06:26-05:00,1
2017,17:17:46-05:00,3
2017,17:24:14-05:00,5
2017,17:35:11-05:00,4
2017,17:41:12-05:00,1
2017,17:46:00-05:00,1
2017,17:48:09-05:00,5
2017,17:55:15-05:00,7
2017,18:06:11-05:00,1
2017,18:19:37-05:00,2
2017,18:23:16-05:00,2
2017,20:08:10-05:00,2
2017,20:14:15-05:00,1
2017,20:20:07-05:00,1
2017,20:25:06-05:00,8
2017,20:54:13-05:00,1
2017,21:00:55-05:00,1
2017,21:22:11-05:00,1
2017,21:25:33-05:00,1
2017,21:28:18-05:00,1
2017,21:34:17-05:00,2
2017,21:45:35-05:00,19
2017,22:11:25-05:00,1
2017,22:56:47-05:00,2
2017,23:00:00-05:00,2
2017,23:20:34-05:00,16
2017,23:49:52-05:00,4
2017,01:15:37-05:00,5
2017,01:59:58-05:00,1
2017,08:50:47-05:00,3
2017,09:00:04-05:00,22
2017,10:01:01-05:00,7
2017,10:11:09-05:00,3
2017,10:22:18-05:00,3
2017,10:26:23-05:00,15
2017,10:47:31-05:00,2
2017,11:20:35-05:00,2
2017,11:26:42-05:00,1
2017,11:47:24-05:00,1
2017,11:51:33-05:00,1
2017,12:02:16-05:00,2
2017,12:07:56-05:00,1
2017,12:13:19-05:00,3
2017,12:43:53-05:00,2
2017,13:32:21-05:00,1
2017,13:37:03-05:00,1
2017,14:27:12-05:00,7
2017,14:45:44-05:00,2
2017,14:56:23-05:00,1
2017,15:02:40-05:00,2
2017,15:10:50-05:00,1
2017,15:47:52-05:00,2
2017,15:58:13-05:00,2
2017,16:16:40-05:00,1
2017,16:25:35-05:00,8
2017,17:08:35-05:00,7
2017,17:20:34-05:00,1
2017,17:29:56-05:00,1
2017,17:32:02-05:00,5
2017,17:39:23-05:00,1
2017,17:59:28-05:00,1
2017,18:01:32-05:00,10
2017,18:14:13-05:00,4
2017,18:19:41-05:00,1
2017,18:26:08-05:00,2
2017,18:32:17-05:00,10
2017,18:46:20-05:00,1
2017,19:09:22-05:00,11
2017,19:30:55-05:00,1
2017,19:42:32-05:00,1
2017,19:48:32-05:00,2
2017,19:52:46-05:00,1
2017,19:57:22-05:00,1
2017,20:17:49-05:00,5
2017,21:02:29-05:00,9
2017,21:43:26-05:00,25
2017,22:55:20-05:00,5
2017,00:00:06-05:00,6
2017,00:10:50-05:00,7
2017,00:24:38-05:00,1
2017,00:30:38-05:00,26
2017,03:53:24-05:00,1
2017,09:05:52-05:00,22
2017,09:45:58-05:00,2
2017,10:00:49-05:00,4
2017,11:37:38-05:00,1
2017,11:41:29-05:00,1
2017,11:59:17-05:00,4
2017,12:09:55-05:00,2
2017,12:15:39-05:00,1
2017,12:28:25-05:00,1
2017,12:35:39-05:00,4
2017,12:42:45-05:00,7
2017,13:22:12-05:00,4
2017,13:40:52-05:00,3
2017,13:46:04-05:00,1
2017,13:58:28-05:00,2
2017,14:30:26-05:00,2
2017,14:54:53-05:00,2
2017,15:06:33-05:00,2
2017,15:11:18-05:00,10
2017,16:01:50-05:00,2
2017,16:08:33-05:00,1
2017,16:18:12-05:00,3
2017,16:26:01-05:00,2
2017,17:02:51-05:00,1
2017,17:11:06-05:00,1
2017,17:22:23-05:00,1
2017,17:44:20-05:00,5
2017,18:13:37-05:00,3
2017,18:33:42-05:00,1
2017,18:39:03-05:00,12
2017,18:56:54-05:00,1
2017,19:08:08-05:00,12
2017,19:24:20-05:00,8
2017,19:34:35-05:00,14
2017,20:12:31-05:00,46
2017,21:15:54-05:00,7
2017,21:25:41-05:00,2
2017,08:40:10-05:00,10
2017,09:10:13-05:00,7
2017,09:52:43-05:00,1
2017,10:05:59-05:00,2
2017,10:12:39-05:00,1
2017,10:14:57-05:00,7
2017,14:12:40-05:00,4
2017,14:21:18-05:00,2
2017,14:25:19-05:00,1
2017,15:25:19-05:00,2
2017,15:28:24-05:00,12
2017,15:53:19-05:00,1
2017,16:00:03-05:00,1
2017,16:05:21-05:00,13
2017,16:31:08-05:00,4
2017,16:57:19-05:00,1
2017,17:03:48-05:00,1
2017,17:08:30-05:00,3
2017,17:12:41-05:00,1
2017,17:25:30-05:00,3
2017,17:29:52-05:00,7
2017,17:38:45-05:00,1
2017,17:52:32-05:00,1
2017,17:56:35-05:00,1
2017,18:01:33-05:00,1
2017,18:06:10-05:00,5
2017,18:12:41-05:00,1
2017,18:21:32-05:00,1
2017,19:04:20-05:00,1
2017,19:18:25-05:00,1
2017,19:22:19-05:00,6
2017,19:32:54-05:00,2
2017,19:39:05-05:00,34
2017,20:24:32-05:00,11
2017,20:38:28-05:00,1
2017,22:25:56-05:00,3
2017,22:33:45-05:00,24
2017,23:17:25-05:00,3
2017,23:35:03-05:00,11
2017,23:52:17-05:00,7
2017,08:34:02-05:00,23
2017,09:07:59-05:00,12
2017,09:26:52-05:00,13
2017,10:11:53-05:00,2
2017,11:27:29-05:00,4
2017,12:33:06-05:00,1
2017,14:42:59-05:00,13
2017,15:18:45-05:00,1
2017,15:23:04-05:00,3
2017,15:40:32-05:00,7
2017,16:28:06-05:00,34
2017,17:10:02-05:00,13
2017,17:26:18-05:00,8
2017,17:50:53-05:00,1
2017,18:08:01-05:00,4
2017,18:13:16-05:00,2
2017,18:19:09-05:00,1
2017,18:22:44-05:00,1
2017,18:32:59-05:00,1
2017,19:40:46-05:00,11
2017,20:07:44-05:00,3
2017,20:58:36-05:00,1
2017,21:20:38-05:00,2
2017,09:14:15-05:00,5
2017,09:58:12-05:00,1
2017,10:12:56-05:00,2
2017,11:59:33-05:00,4
2017,12:42:25-05:00,2
2017,13:39:54-05:00,1
2017,14:52:51-05:00,1
2017,15:01:59-05:00,2
2017,15:21:30-05:00,1
2017,16:22:48-05:00,1
2017,16:39:12-05:00,2
2017,16:47:30-05:00,2
2017,17:00:55-05:00,1
2017,17:07:45-05:00,1
2017,17:10:38-05:00,3
2017,17:32:56-05:00,2
2017,17:36:17-05:00,1
2017,18:05:43-05:00,2
2017,18:40:48-05:00,1
2017,18:43:21-05:00,5
2017,18:58:41-05:00,7
2017,19:08:26-05:00,5
2017,19:16:47-05:00,1
2017,19:19:31-05:00,1
2017,19:23:33-05:00,1
2017,19:49:26-05:00,1
2017,20:10:40-05:00,2
2017,20:26:13-05:00,1
2017,20:28:40-05:00,16
2017,20:59:28-05:00,1
2017,21:01:56-05:00,14
2017,21:20:01-05:00,1
2017,21:22:32-05:00,5
2017,07:18:51-05:00,13
2017,07:47:41-05:00,20
2017,08:16:54-05:00,15
2017,09:03:38-05:00,9
2017,09:19:37-05:00,5
2017,11:20:32-05:00,24
2017,11:45:46-05:00,6
2017,11:55:38-05:00,1
2017,12:28:41-05:00,15
2017,12:45:09-05:00,1
2017,13:20:41-05:00,1
2017,13:33:56-05:00,1
2017,14:19:43-05:00,1
2017,14:23:43-05:00,4
2017,14:37:58-05:00,15
2017,16:22:25-05:00,1
2017,16:39:58-05:00,3
2017,16:46:47-05:00,1
2017,16:49:50-05:00,7
2017,17:01:46-05:00,1
2017,17:04:44-05:00,15
2017,17:24:23-05:00,6
2017,17:43:03-05:00,5
2017,17:51:24-05:00,14
2017,18:08:34-05:00,5
2017,18:15:59-05:00,5
2017,18:27:26-05:00,1
2017,18:34:42-05:00,1
2017,18:45:48-05:00,41
2017,19:46:12-05:00,2
2017,20:20:34-05:00,3
2017,21:28:58-05:00,8
2017,21:39:48-05:00,19
2017,22:01:51-05:00,6
2017,22:39:39-05:00,1
2017,08:27:10-05:00,57
2017,09:36:26-05:00,23
2017,12:02:04-05:00,5
2017,12:17:04-05:00,8
2017,12:40:11-05:00,14
2017,12:56:18-05:00,12
2017,13:11:35-05:00,3
2017,14:59:10-05:00,1
2017,15:32:16-05:00,4
2017,15:51:51-05:00,14
2017,16:40:18-05:00,2
2017,16:46:35-05:00,1
2017,16:51:56-05:00,2
2017,17:03:23-05:00,3
2017,17:13:21-05:00,4
2017,17:24:41-05:00,7
2017,17:38:47-05:00,7
2017,17:59:56-05:00,3
2017,18:07:08-05:00,1
2017,19:00:56-05:00,7
2017,19:16:59-05:00,3
2017,19:54:15-05:00,3
2017,20:11:57-05:00,2
2017,20:23:38-05:00,20
2017,20:52:35-05:00,1
2017,20:55:40-05:00,3
2017,21:17:38-05:00,14
2017,21:36:43-05:00,3
2017,21:43:45-05:00,36
2017,22:49:50-05:00,19
2017,00:27:37-05:00,195
2017,09:49:48-05:00,1
2017,10:01:49-05:00,4
2017,11:48:53-05:00,1
2017,11:54:37-05:00,2
2017,12:57:56-05:00,1
2017,13:06:24-05:00,3
2017,13:26:09-05:00,20
2017,14:46:52-05:00,1
2017,14:49:49-05:00,7
2017,15:03:30-05:00,1
2017,15:15:09-05:00,2
2017,15:23:53-05:00,1
2017,15:29:20-05:00,2
2017,15:40:30-05:00,1
2017,15:49:10-05:00,20
2017,16:20:35-05:00,24
2017,16:58:07-05:00,8
2017,17:22:20-05:00,5
2017,17:42:52-05:00,91
2017,21:24:52-05:00,2
2017,00:02:48-05:00,5
2017,01:30:58-05:00,3
2017,09:44:53-05:00,1
2017,09:55:23-05:00,1
2017,10:09:03-05:00,2
2017,10:46:59-05:00,1
2017,11:19:25-05:00,13
2017,11:33:59-05:00,9
2017,11:46:16-05:00,15
2017,12:09:23-05:00,1
2017,12:49:19-05:00,5
2017,12:56:37-05:00,1
2017,13:20:48-05:00,3
2017,13:31:04-05:00,1
2017,13:34:09-05:00,1
2017,14:25:53-05:00,1
2017,14:49:43-05:00,2
2017,15:03:43-05:00,2
2017,15:21:11-05:00,22
2017,15:59:34-05:00,1
2017,16:01:56-05:00,4
2017,16:07:36-05:00,3
2017,16:32:57-05:00,3
2017,16:54:30-05:00,4
2017,17:07:31-05:00,2
2017,17:15:59-05:00,6
2017,17:43:40-05:00,2
2017,17:57:46-05:00,3
2017,18:08:02-05:00,1
2017,18:29:36-05:00,3
2017,18:35:00-05:00,1
2017,18:38:34-05:00,6
2017,19:14:03-05:00,10
2017,19:25:31-05:00,13
2017,19:40:54-05:00,2
2017,22:13:58-05:00,1
2017,00:21:51-05:00,2
2017,00:25:42-05:00,4
2017,02:39:54-05:00,5
2017,08:55:03-05:00,3
2017,09:22:43-05:00,1
2017,09:35:40-05:00,19
2017,10:28:03-05:00,1
2017,10:40:55-05:00,5
2017,10:47:03-05:00,7
2017,11:04:45-05:00,4
2017,12:01:30-05:00,1
2017,12:04:40-05:00,5
2017,12:18:58-05:00,10
2017,12:34:06-05:00,4
2017,12:43:51-05:00,2
2017,12:51:50-05:00,1
2017,13:20:48-05:00,1
2017,13:27:21-05:00,4
2017,13:36:45-05:00,12
2017,14:19:52-05:00,5
2017,14:29:47-05:00,1
2017,14:45:52-05:00,4
2017,14:51:40-05:00,1
2017,14:55:35-05:00,3
2017,15:22:50-05:00,1
2017,15:53:20-05:00,1
2017,16:17:54-05:00,6
2017,17:31:41-05:00,3
2017,17:36:55-05:00,16
2017,17:59:31-05:00,1
2017,18:14:25-05:00,1
2017,18:20:04-05:00,9
2017,19:05:34-05:00,1
2017,19:07:45-05:00,1
2017,19:12:39-05:00,1
2017,19:19:05-05:00,1
2017,19:36:40-05:00,1
2017,19:54:05-05:00,10
2017,20:50:13-05:00,2
2017,21:05:25-05:00,1
2017,21:49:59-05:00,5
2017,08:55:40-05:00,4
2017,09:33:04-05:00,2
2017,10:02:55-05:00,6
2017,10:11:09-05:00,2
2017,10:35:01-05:00,2
2017,11:17:29-05:00,1
2017,11:20:38-05:00,4
2017,12:05:46-05:00,3
2017,12:19:17-05:00,1
2017,12:24:58-05:00,2
2017,12:32:45-05:00,5
2017,13:02:34-05:00,3
2017,13:07:48-05:00,2
2017,13:14:39-05:00,8
2017,13:50:04-05:00,10
2017,14:54:27-05:00,3
2017,15:13:21-05:00,3
2017,15:28:54-05:00,2
2017,15:37:29-05:00,12
2017,16:32:36-05:00,2
2017,16:38:34-05:00,1
2017,16:40:56-05:00,1
2017,16:56:33-05:00,5
2017,17:13:01-05:00,1
2017,17:40:25-05:00,4
2017,18:01:57-05:00,1
2017,18:10:45-05:00,6
2017,18:36:14-05:00,3
2017,18:42:56-05:00,20
2017,19:05:16-05:00,4
2017,19:22:18-05:00,6
2017,22:05:33-05:00,5
2017,11:05:18-05:00,2
2017,11:09:56-05:00,4
2017,11:15:20-05:00,19
2017,11:46:20-05:00,8
2017,11:57:35-05:00,14
2017,12:14:04-05:00,1
2017,13:05:56-05:00,1
2017,13:11:18-05:00,25
2017,13:38:14-05:00,1
2017,13:41:56-05:00,1
2017,13:55:47-05:00,26
2017,14:23:12-05:00,1
2017,14:27:31-05:00,4
2017,14:34:21-05:00,137
2017,16:58:16-05:00,2
2017,17:03:16-05:00,1
2017,17:05:31-05:00,24
2017,17:48:37-05:00,6
2017,17:56:37-05:00,12
2017,18:10:50-05:00,2
2017,18:14:09-05:00,2
2017,18:18:15-05:00,3
2017,18:33:53-05:00,1
2017,18:39:31-05:00,1
2017,19:18:05-05:00,4
2017,19:41:12-05:00,1
2017,19:48:38-05:00,1
2017,19:56:24-05:00,1
2017,20:08:51-05:00,1
2017,22:21:24-05:00,5
