year,month,day,dow,hour,minute
2017,2,17,4,11,47
2017,2,17,4,11,41
2017,2,17,4,11,38
2017,2,17,4,10,16
2017,2,17,4,7,6
2017,2,17,4,2,23
2017,2,16,3,22,7
2017,2,16,3,21,24
2017,2,16,3,15,6
2017,2,16,3,14,57
2017,2,16,3,14,25
2017,2,16,3,14,1
2017,2,16,3,13,13
2017,2,16,3,12,57
2017,2,16,3,12,43
2017,2,16,3,10,56
2017,2,16,3,10,21
2017,2,16,3,10,12
2017,2,16,3,10,2
2017,2,16,3,10,1
2017,2,16,3,10,1
2017,2,16,3,9,52
2017,2,16,3,8,44
2017,2,16,3,8,42
2017,2,16,3,7,10
2017,2,16,3,5,57
2017,2,15,2,22,6
2017,2,15,2,17,39
2017,2,15,2,17,39
2017,2,15,2,17,4
2017,2,15,2,16,20
2017,2,15,2,14,11
2017,2,15,2,12,41
2017,2,15,2,11,41
2017,2,15,2,10,27
2017,2,15,2,10,22
2017,2,15,2,10,18
2017,2,15,2,10,2
2017,2,15,2,9,55
2017,2,15,2,9,48
2017,2,15,2,9,31
2017,2,15,2,9,31
2017,2,15,2,9,28
2017,2,15,2,9,28
2017,2,15,2,9,26
2017,2,15,2,7,15
2017,2,15,2,6,34
2017,2,14,1,22,6
2017,2,14,1,21,20
2017,2,14,1,19,37
2017,2,14,1,19,36
2017,2,14,1,19,35
2017,2,14,1,17,2
2017,2,14,1,16,59
2017,2,14,1,16,58
2017,2,14,1,16,35
2017,2,14,1,15,10
2017,2,14,1,15,10
2017,2,14,1,15,1
2017,2,14,1,15,1
2017,2,14,1,14,11
2017,2,14,1,13,38
2017,2,14,1,13,33
2017,2,14,1,13,23
2017,2,14,1,13,15
2017,2,14,1,13,11
2017,2,14,1,13,10
2017,2,14,1,12,31
2017,2,14,1,11,51
2017,2,14,1,11,12
2017,2,14,1,10,33
2017,2,14,1,10,33
2017,2,14,1,10,31
2017,2,14,1,10,24
2017,2,14,1,10,19
2017,2,14,1,10,16
2017,2,13,0,22,5
2017,2,13,0,18,14
2017,2,13,0,18,8
2017,2,13,0,18,3
2017,2,13,0,17,40
2017,2,13,0,17,40
2017,2,13,0,17,40
2017,2,13,0,17,39
2017,2,13,0,17,21
2017,2,13,0,16,59
2017,2,13,0,15,30
2017,2,13,0,14,0
2017,2,13,0,13,10
2017,2,13,0,12,36
2017,2,13,0,12,28
2017,2,13,0,11,55
2017,2,13,0,10,56
2017,2,13,0,10,47
2017,2,13,0,10,41
2017,2,13,0,10,6
2017,2,13,0,8,14
2017,2,12,6,22,18
2017,2,12,6,22,6
2017,2,11,5,22,6
2017,2,11,5,7,53
2017,2,10,4,22,6
2017,2,10,4,16,23
2017,2,10,4,16,19
2017,2,10,4,16,13
2017,2,10,4,16,5
2017,2,10,4,16,0
2017,2,10,4,15,38
2017,2,10,4,15,28
2017,2,10,4,15,12
2017,2,10,4,14,46
2017,2,10,4,14,45
2017,2,10,4,14,28
2017,2,10,4,14,24
2017,2,10,4,13,28
2017,2,10,4,13,28
2017,2,10,4,13,25
2017,2,10,4,12,59
2017,2,10,4,12,44
2017,2,10,4,12,44
2017,2,10,4,11,51
2017,2,10,4,9,57
2017,2,10,4,9,45
2017,2,10,4,9,34
2017,2,10,4,9,15
2017,2,10,4,9,9
2017,2,10,4,9,6
2017,2,10,4,8,59
2017,2,10,4,8,34
2017,2,9,3,22,6
2017,2,9,3,16,34
2017,2,9,3,15,27
2017,2,9,3,14,1
2017,2,9,3,14,0
2017,2,9,3,13,55
2017,2,9,3,13,29
2017,2,9,3,13,0
2017,2,9,3,12,30
2017,2,9,3,12,16
2017,2,9,3,12,16
2017,2,9,3,12,13
2017,2,9,3,11,45
2017,2,9,3,11,38
2017,2,9,3,11,5
2017,2,9,3,11,5
2017,2,9,3,11,5
2017,2,9,3,11,4
2017,2,9,3,10,56
2017,2,9,3,10,25
2017,2,9,3,10,9
2017,2,9,3,9,46
2017,2,9,3,9,21
2017,2,9,3,9,17
2017,2,9,3,9,2
2017,2,9,3,8,44
2017,2,9,3,8,23
2017,2,9,3,8,17
2017,2,8,2,22,6
2017,2,8,2,19,33
2017,2,8,2,18,53
2017,2,8,2,17,41
2017,2,8,2,16,15
2017,2,8,2,16,7
2017,2,8,2,16,4
2017,2,8,2,15,49
2017,2,8,2,15,44
2017,2,8,2,15,21
2017,2,8,2,14,30
2017,2,8,2,14,11
2017,2,8,2,13,32
2017,2,8,2,13,21
2017,2,8,2,13,6
2017,2,8,2,12,1
2017,2,8,2,11,47
2017,2,8,2,11,44
2017,2,8,2,10,55
2017,2,8,2,10,32
2017,2,8,2,10,26
2017,2,8,2,10,24
2017,2,8,2,9,50
2017,2,8,2,9,48
2017,2,8,2,9,45
2017,2,8,2,8,13
2017,2,8,2,6,56
2017,2,7,1,22,53
2017,2,7,1,20,28
2017,2,7,1,16,43
2017,2,7,1,16,4
2017,2,7,1,15,34
2017,2,7,1,15,34
2017,2,7,1,15,27
2017,2,7,1,13,51
2017,2,7,1,13,38
2017,2,7,1,13,36
2017,2,7,1,13,36
2017,2,7,1,13,15
2017,2,7,1,13,3
2017,2,7,1,12,59
2017,2,7,1,12,43
2017,2,7,1,11,39
2017,2,7,1,11,26
2017,2,7,1,11,25
2017,2,7,1,11,17
2017,2,7,1,11,8
2017,2,7,1,11,7
2017,2,7,1,10,53
2017,2,7,1,10,31
2017,2,7,1,10,31
2017,2,7,1,10,23
2017,2,7,1,10,13
2017,2,7,1,10,10
2017,2,7,1,10,9
2017,2,7,1,10,8
2017,2,7,1,8,55
2017,2,6,0,22,19
2017,2,6,0,16,29
2017,2,6,0,15,40
2017,2,6,0,15,35
2017,2,6,0,15,27
2017,2,6,0,14,44
2017,2,6,0,14,36
2017,2,6,0,13,52
2017,2,6,0,13,32
2017,2,6,0,12,40
2017,2,6,0,12,17
2017,2,6,0,12,13
2017,2,6,0,12,1
2017,2,6,0,11,20
2017,2,6,0,11,7
2017,2,6,0,11,6
2017,2,6,0,10,23
2017,2,6,0,10,12
2017,2,6,0,9,44
2017,2,6,0,8,53
2017,2,6,0,8,24
2017,2,5,6,22,47
2017,2,5,6,16,41
2017,2,5,6,7,19
2017,2,4,5,22,44
2017,2,4,5,12,38
2017,2,3,4,22,36
2017,2,3,4,20,46
2017,2,3,4,17,30
2017,2,3,4,17,29
2017,2,3,4,15,48
2017,2,3,4,14,59
2017,2,3,4,14,56
2017,2,3,4,14,47
2017,2,3,4,14,44
2017,2,3,4,14,32
2017,2,3,4,14,32
2017,2,3,4,14,26
2017,2,3,4,14,0
2017,2,3,4,13,58
2017,2,3,4,13,46
2017,2,3,4,13,40
2017,2,3,4,13,35
2017,2,3,4,13,26
2017,2,3,4,13,13
2017,2,3,4,12,23
2017,2,3,4,12,17
2017,2,3,4,11,31
2017,2,3,4,11,1
2017,2,3,4,11,0
2017,2,3,4,10,58
2017,2,3,4,10,52
2017,2,3,4,10,45
2017,2,3,4,10,45
2017,2,3,4,10,32
2017,2,3,4,10,23
2017,2,3,4,9,45
2017,2,2,3,22,31
2017,2,2,3,14,29
2017,2,2,3,14,28
2017,2,2,3,14,6
2017,2,2,3,14,2
2017,2,2,3,13,59
2017,2,2,3,13,41
2017,2,2,3,13,29
2017,2,2,3,13,26
2017,2,2,3,13,18
2017,2,2,3,11,38
2017,2,2,3,10,55
2017,2,2,3,10,55
2017,2,2,3,10,54
2017,2,2,3,10,31
2017,2,2,3,10,27
2017,2,2,3,10,18
2017,2,2,3,10,17
2017,2,2,3,10,12
2017,2,2,3,10,1
2017,2,2,3,9,49
2017,2,2,3,9,47
2017,2,2,3,9,26
2017,2,2,3,9,2
2017,2,2,3,8,58
2017,2,2,3,8,21
2017,2,1,2,22,29
2017,2,1,2,19,8
2017,2,1,2,16,20
2017,2,1,2,14,20
2017,2,1,2,14,3
2017,2,1,2,13,35
2017,2,1,2,13,16
2017,2,1,2,12,29
2017,2,1,2,12,11
2017,2,1,2,12,3
2017,2,1,2,11,36
2017,2,1,2,11,34
2017,2,1,2,9,58
2017,2,1,2,9,56
2017,2,1,2,9,55
2017,2,1,2,9,20
2017,1,31,1,22,29
2017,1,31,1,16,29
2017,1,31,1,15,59
2017,1,31,1,15,59
2017,1,31,1,15,32
2017,1,31,1,15,29
2017,1,31,1,14,59
2017,1,31,1,14,42
2017,1,31,1,14,32
2017,1,31,1,14,22
2017,1,31,1,14,21
2017,1,31,1,14,14
2017,1,31,1,13,48
2017,1,31,1,13,1
2017,1,31,1,12,33
2017,1,31,1,12,30
2017,1,31,1,12,22
2017,1,31,1,12,16
2017,1,31,1,11,47
2017,1,31,1,11,33
2017,1,31,1,11,28
2017,1,31,1,11,17
2017,1,31,1,11,10
2017,1,31,1,11,4
2017,1,31,1,10,56
2017,1,31,1,10,55
2017,1,31,1,10,54
2017,1,31,1,10,53
2017,1,31,1,10,50
2017,1,31,1,10,47
2017,1,31,1,10,40
2017,1,31,1,10,35
2017,1,31,1,10,20
2017,1,31,1,10,20
2017,1,31,1,10,15
2017,1,31,1,10,5
2017,1,31,1,9,50
2017,1,31,1,9,48
2017,1,31,1,9,32
2017,1,31,1,9,19
2017,1,31,1,9,12
2017,1,31,1,9,10
2017,1,31,1,7,48
2017,1,31,1,7,34
2017,1,30,0,22,30
2017,1,30,0,22,21
2017,1,30,0,16,39
2017,1,30,0,16,34
2017,1,30,0,15,43
2017,1,30,0,15,43
2017,1,30,0,15,26
2017,1,30,0,15,24
2017,1,30,0,15,17
2017,1,30,0,15,15
2017,1,30,0,15,11
2017,1,30,0,15,0
2017,1,30,0,14,59
2017,1,30,0,14,46
2017,1,30,0,12,54
2017,1,30,0,12,47
2017,1,30,0,12,45
2017,1,30,0,12,32
2017,1,30,0,11,56
2017,1,30,0,11,49
2017,1,30,0,11,9
2017,1,30,0,11,8
2017,1,30,0,11,5
2017,1,30,0,10,56
2017,1,30,0,10,47
2017,1,30,0,10,39
2017,1,30,0,10,6
2017,1,30,0,8,50
2017,1,29,6,22,28
2017,1,29,6,21,35
2017,1,28,5,22,28
2017,1,28,5,12,56
2017,1,28,5,12,10
2017,1,27,4,22,29
2017,1,27,4,20,33
2017,1,27,4,15,57
2017,1,27,4,15,50
2017,1,27,4,15,30
2017,1,27,4,15,22
2017,1,27,4,15,17
2017,1,27,4,15,15
2017,1,27,4,14,58
2017,1,27,4,14,32
2017,1,27,4,14,20
2017,1,27,4,14,1
2017,1,27,4,13,53
2017,1,27,4,13,42
2017,1,27,4,13,16
2017,1,27,4,13,8
2017,1,27,4,12,39
2017,1,27,4,11,34
2017,1,27,4,11,4
2017,1,27,4,10,58
2017,1,27,4,10,41
2017,1,27,4,10,37
2017,1,27,4,10,23
2017,1,27,4,10,15
2017,1,27,4,10,8
2017,1,27,4,10,8
2017,1,27,4,9,50
2017,1,27,4,9,48
2017,1,27,4,9,44
2017,1,27,4,9,43
2017,1,27,4,9,37
2017,1,27,4,9,35
2017,1,27,4,9,27
2017,1,27,4,8,19
2017,1,27,4,7,0
2017,1,27,4,6,26
2017,1,26,3,22,29
2017,1,26,3,21,13
2017,1,26,3,20,44
2017,1,26,3,19,53
2017,1,26,3,16,40
2017,1,26,3,16,30
2017,1,26,3,16,23
2017,1,26,3,16,11
2017,1,26,3,16,2
2017,1,26,3,16,2
2017,1,26,3,16,0
2017,1,26,3,16,0
2017,1,26,3,15,54
2017,1,26,3,15,53
2017,1,26,3,15,53
2017,1,26,3,15,40
2017,1,26,3,15,19
2017,1,26,3,14,51
2017,1,26,3,14,31
2017,1,26,3,14,9
2017,1,26,3,14,8
2017,1,26,3,12,4
2017,1,26,3,11,59
2017,1,26,3,11,57
2017,1,26,3,11,22
2017,1,26,3,11,19
2017,1,26,3,11,11
2017,1,26,3,11,6
2017,1,26,3,10,45
2017,1,26,3,10,44
2017,1,26,3,10,36
2017,1,26,3,10,33
2017,1,26,3,10,31
2017,1,26,3,9,58
2017,1,26,3,9,49
2017,1,26,3,9,42
2017,1,26,3,9,20
2017,1,26,3,8,58
2017,1,26,3,7,11
2017,1,26,3,6,46
2017,1,26,3,6,30
2017,1,25,2,22,30
2017,1,25,2,21,14
2017,1,25,2,19,51
2017,1,25,2,17,42
2017,1,25,2,17,28
2017,1,25,2,16,30
2017,1,25,2,16,26
2017,1,25,2,16,25
2017,1,25,2,16,8
2017,1,25,2,15,39
2017,1,25,2,15,35
2017,1,25,2,14,47
2017,1,25,2,14,20
2017,1,25,2,14,10
2017,1,25,2,14,8
2017,1,25,2,14,7
2017,1,25,2,13,46
2017,1,25,2,13,41
2017,1,25,2,13,39
2017,1,25,2,13,28
2017,1,25,2,13,14
2017,1,25,2,12,54
2017,1,25,2,12,51
2017,1,25,2,12,18
2017,1,25,2,12,0
2017,1,25,2,11,56
2017,1,25,2,11,53
2017,1,25,2,11,48
2017,1,25,2,11,48
2017,1,25,2,11,41
2017,1,25,2,11,38
2017,1,25,2,11,30
2017,1,25,2,11,24
2017,1,25,2,11,20
2017,1,25,2,11,19
2017,1,25,2,11,3
2017,1,25,2,10,23
2017,1,25,2,9,57
2017,1,25,2,9,41
2017,1,25,2,9,41
2017,1,25,2,9,40
2017,1,25,2,9,13
2017,1,25,2,9,9
2017,1,25,2,8,51
2017,1,25,2,4,48
2017,1,24,1,23,6
2017,1,24,1,22,30
2017,1,24,1,20,17
2017,1,24,1,16,8
2017,1,24,1,15,52
2017,1,24,1,15,49
2017,1,24,1,15,19
2017,1,24,1,15,18
2017,1,24,1,15,4
2017,1,24,1,14,58
2017,1,24,1,14,45
2017,1,24,1,14,23
2017,1,24,1,14,22
2017,1,24,1,14,20
2017,1,24,1,14,5
2017,1,24,1,14,5
2017,1,24,1,14,0
2017,1,24,1,13,45
2017,1,24,1,13,42
2017,1,24,1,13,19
2017,1,24,1,13,16
2017,1,24,1,13,14
2017,1,24,1,12,17
2017,1,24,1,11,12
2017,1,24,1,11,0
2017,1,24,1,10,51
2017,1,24,1,10,50
2017,1,24,1,10,50
2017,1,24,1,9,58
2017,1,24,1,9,50
2017,1,24,1,9,44
2017,1,24,1,9,29
2017,1,24,1,8,59
2017,1,24,1,8,52
2017,1,24,1,8,31
2017,1,24,1,7,5
2017,1,24,1,6,56
2017,1,23,0,23,27
2017,1,23,0,22,30
2017,1,23,0,17,13
2017,1,23,0,17,9
2017,1,23,0,17,9
2017,1,23,0,16,20
2017,1,23,0,16,12
2017,1,23,0,16,3
2017,1,23,0,16,1
2017,1,23,0,15,54
2017,1,23,0,15,32
2017,1,23,0,15,1
2017,1,23,0,13,47
2017,1,23,0,13,3
2017,1,23,0,10,50
2017,1,23,0,9,29
2017,1,23,0,8,53
2017,1,23,0,8,50
2017,1,23,0,8,32
2017,1,23,0,7,17
2017,1,22,6,22,45
2017,1,22,6,3,16
2017,1,21,5,23,2
2017,1,21,5,19,33
2017,1,21,5,19,31
2017,1,21,5,13,43
2017,1,21,5,9,10
2017,1,20,4,23,18
2017,1,20,4,15,54
2017,1,20,4,15,36
2017,1,20,4,15,35
2017,1,20,4,15,31
2017,1,20,4,14,14
2017,1,20,4,14,4
2017,1,20,4,13,51
2017,1,20,4,13,30
2017,1,20,4,13,27
2017,1,20,4,12,56
2017,1,20,4,12,34
2017,1,20,4,12,0
2017,1,20,4,11,43
2017,1,20,4,11,1
2017,1,20,4,10,55
2017,1,20,4,10,54
2017,1,20,4,10,49
2017,1,20,4,10,39
2017,1,20,4,10,39
2017,1,20,4,10,31
2017,1,20,4,10,11
2017,1,20,4,10,6
2017,1,20,4,10,5
2017,1,20,4,9,50
2017,1,20,4,9,18
2017,1,20,4,9,17
2017,1,20,4,9,15
2017,1,20,4,9,13
2017,1,20,4,9,10
2017,1,20,4,9,1
2017,1,20,4,8,53
2017,1,20,4,8,50
2017,1,20,4,8,49
2017,1,20,4,7,33
2017,1,19,3,23,17
2017,1,19,3,23,2
2017,1,19,3,21,35
2017,1,19,3,20,8
2017,1,19,3,16,10
2017,1,19,3,15,59
2017,1,19,3,15,57
2017,1,19,3,15,37
2017,1,19,3,15,32
2017,1,19,3,15,13
2017,1,19,3,14,59
2017,1,19,3,14,59
2017,1,19,3,13,24
2017,1,19,3,13,17
2017,1,19,3,13,12
2017,1,19,3,12,38
2017,1,19,3,12,29
2017,1,19,3,12,8
2017,1,19,3,12,1
2017,1,19,3,11,36
2017,1,19,3,11,30
2017,1,19,3,11,29
2017,1,19,3,11,21
2017,1,19,3,11,17
2017,1,19,3,11,1
2017,1,19,3,10,49
2017,1,19,3,10,47
2017,1,19,3,10,7
2017,1,19,3,10,5
2017,1,19,3,10,4
2017,1,19,3,10,3
2017,1,19,3,9,58
2017,1,19,3,9,54
2017,1,19,3,9,48
2017,1,19,3,9,39
2017,1,19,3,9,10
2017,1,19,3,9,5
2017,1,19,3,9,5
2017,1,19,3,7,58
2017,1,19,3,3,13
2017,1,18,2,16,42
2017,1,18,2,16,26
2017,1,18,2,16,26
2017,1,18,2,16,22
2017,1,18,2,16,17
2017,1,18,2,16,10
2017,1,18,2,16,6
2017,1,18,2,15,11
2017,1,18,2,14,31
2017,1,18,2,14,16
2017,1,18,2,14,8
2017,1,18,2,14,5
2017,1,18,2,11,46
2017,1,18,2,11,28
2017,1,18,2,10,43
2017,1,18,2,10,35
2017,1,18,2,10,34
2017,1,18,2,10,33
2017,1,18,2,10,32
2017,1,18,2,9,38
2017,1,18,2,9,38
2017,1,18,2,9,23
2017,1,18,2,8,16
2017,1,18,2,8,11
2017,1,17,1,23,32
2017,1,17,1,21,37
2017,1,17,1,21,30
2017,1,17,1,19,46
2017,1,17,1,17,25
2017,1,17,1,16,56
2017,1,17,1,16,41
2017,1,17,1,16,30
2017,1,17,1,16,29
2017,1,17,1,16,28
2017,1,17,1,16,21
2017,1,17,1,15,48
2017,1,17,1,15,44
2017,1,17,1,15,37
2017,1,17,1,15,34
2017,1,17,1,15,30
2017,1,17,1,15,9
2017,1,17,1,15,7
2017,1,17,1,14,42
2017,1,17,1,14,38
2017,1,17,1,14,29
2017,1,17,1,13,41
2017,1,17,1,13,16
2017,1,17,1,13,15
2017,1,17,1,13,14
2017,1,17,1,12,28
2017,1,17,1,12,13
2017,1,17,1,12,7
2017,1,17,1,12,6
2017,1,17,1,12,2
2017,1,17,1,11,42
2017,1,17,1,10,27
2017,1,17,1,9,54
2017,1,17,1,9,51
2017,1,17,1,9,39
2017,1,17,1,9,38
2017,1,17,1,9,31
2017,1,17,1,9,22
2017,1,17,1,6,56
2017,1,16,0,23,53
2017,1,16,0,10,21
2017,1,16,0,0,13
2017,1,15,6,0,32
2017,1,14,5,17,4
2017,1,14,5,11,5
2017,1,14,5,0,54
2017,1,13,4,15,19
2017,1,13,4,14,20
2017,1,13,4,13,54
2017,1,13,4,11,58
2017,1,13,4,11,34
2017,1,13,4,11,25
2017,1,13,4,10,54
2017,1,13,4,10,29
2017,1,13,4,9,46
2017,1,13,4,9,34
2017,1,13,4,8,18
2017,1,13,4,6,50
2017,1,13,4,1,13
2017,1,12,3,21,21
2017,1,12,3,15,25
2017,1,12,3,14,45
2017,1,12,3,14,42
2017,1,12,3,14,20
2017,1,12,3,14,2
2017,1,12,3,14,1
2017,1,12,3,14,0
2017,1,12,3,13,57
2017,1,12,3,13,57
2017,1,12,3,13,56
2017,1,12,3,13,56
2017,1,12,3,13,56
2017,1,12,3,13,51
2017,1,12,3,13,51
2017,1,12,3,11,40
2017,1,12,3,11,4
2017,1,12,3,10,7
2017,1,12,3,9,58
2017,1,12,3,9,57
2017,1,12,3,9,56
2017,1,12,3,9,47
2017,1,12,3,9,45
2017,1,12,3,9,45
2017,1,12,3,9,44
2017,1,12,3,9,27
2017,1,12,3,9,20
2017,1,12,3,9,3
2017,1,12,3,9,2
2017,1,12,3,8,55
2017,1,12,3,8,54
2017,1,12,3,8,29
2017,1,12,3,8,2
2017,1,12,3,7,19
2017,1,12,3,7,13
2017,1,12,3,6,43
2017,1,11,2,23,56
2017,1,11,2,23,17
2017,1,11,2,22,13
2017,1,11,2,16,36
2017,1,11,2,16,34
2017,1,11,2,15,56
2017,1,11,2,15,55
2017,1,11,2,15,53
2017,1,11,2,15,53
2017,1,11,2,15,51
2017,1,11,2,15,37
2017,1,11,2,15,34
2017,1,11,2,15,28
2017,1,11,2,14,59
2017,1,11,2,14,52
2017,1,11,2,14,47
2017,1,11,2,14,45
2017,1,11,2,14,29
2017,1,11,2,14,10
2017,1,11,2,14,4
2017,1,11,2,13,57
2017,1,11,2,13,42
2017,1,11,2,13,31
2017,1,11,2,13,28
2017,1,11,2,13,28
2017,1,11,2,13,4
2017,1,11,2,12,57
2017,1,11,2,12,55
2017,1,11,2,11,46
2017,1,11,2,11,38
2017,1,11,2,11,32
2017,1,11,2,11,29
2017,1,11,2,11,26
2017,1,11,2,11,25
2017,1,11,2,11,22
2017,1,11,2,11,10
2017,1,11,2,11,6
2017,1,11,2,10,27
2017,1,11,2,9,58
2017,1,11,2,9,54
2017,1,11,2,9,36
2017,1,10,1,19,1
2017,1,10,1,17,11
2017,1,10,1,16,41
2017,1,10,1,15,28
2017,1,10,1,14,48
2017,1,10,1,14,5
2017,1,10,1,14,1
2017,1,10,1,13,50
2017,1,10,1,11,34
2017,1,10,1,11,28
2017,1,10,1,10,8
2017,1,10,1,9,45
2017,1,10,1,9,17
2017,1,9,0,17,34
2017,1,9,0,15,52
2017,1,9,0,15,36
2017,1,9,0,14,54
2017,1,9,0,14,53
2017,1,9,0,14,35
2017,1,9,0,14,33
2017,1,9,0,14,29
2017,1,9,0,14,26
2017,1,9,0,14,23
2017,1,9,0,13,45
2017,1,9,0,13,41
2017,1,9,0,13,30
2017,1,9,0,13,27
2017,1,9,0,13,22
2017,1,9,0,13,11
2017,1,9,0,13,8
2017,1,9,0,12,10
2017,1,9,0,11,47
2017,1,9,0,11,36
2017,1,9,0,11,31
2017,1,9,0,11,17
2017,1,9,0,10,59
2017,1,9,0,9,33
2017,1,9,0,9,16
2017,1,9,0,7,55
2017,1,9,0,7,33
2017,1,8,6,11,24
2017,1,7,5,16,48
2017,1,7,5,11,49
2017,1,6,4,15,18
2017,1,6,4,14,12
2017,1,6,4,13,37
2017,1,6,4,11,41
2017,1,6,4,11,32
2017,1,6,4,11,24
2017,1,6,4,11,19
2017,1,6,4,10,45
2017,1,6,4,10,42
2017,1,6,4,10,35
2017,1,6,4,10,31
2017,1,6,4,10,29
2017,1,6,4,10,18
2017,1,6,4,10,12
2017,1,6,4,9,57
2017,1,6,4,9,51
2017,1,6,4,9,47
2017,1,6,4,9,43
2017,1,6,4,9,37
2017,1,5,3,20,7
2017,1,5,3,16,38
2017,1,5,3,16,9
2017,1,5,3,16,8
2017,1,5,3,15,39
2017,1,5,3,15,29
2017,1,5,3,15,20
2017,1,5,3,14,59
2017,1,5,3,14,47
2017,1,5,3,14,34
2017,1,5,3,14,15
2017,1,5,3,13,58
2017,1,5,3,13,51
2017,1,5,3,13,0
2017,1,5,3,12,51
2017,1,5,3,12,40
2017,1,5,3,12,20
2017,1,5,3,12,18
2017,1,5,3,12,9
2017,1,5,3,12,2
2017,1,5,3,11,48
2017,1,5,3,11,47
2017,1,5,3,11,44
2017,1,5,3,11,39
2017,1,5,3,11,35
2017,1,5,3,11,17
2017,1,5,3,11,9
2017,1,5,3,11,8
2017,1,5,3,10,30
2017,1,5,3,10,17
2017,1,5,3,8,9
2017,1,4,2,17,8
2017,1,4,2,15,3
2017,1,4,2,15,0
2017,1,4,2,14,3
2017,1,4,2,12,58
2017,1,4,2,12,57
2017,1,4,2,12,26
2017,1,4,2,11,55
2017,1,4,2,11,37
2017,1,4,2,11,25
2017,1,4,2,11,17
2017,1,4,2,11,16
2017,1,4,2,11,7
2017,1,4,2,10,56
2017,1,4,2,10,38
2017,1,4,2,10,8
2017,1,4,2,8,47
2017,1,4,2,8,44
2017,1,4,2,8,12
2017,1,4,2,8,11
2017,1,3,1,18,30
2017,1,3,1,17,17
2017,1,3,1,17,9
2017,1,3,1,16,5
2017,1,3,1,15,38
2017,1,3,1,15,27
2017,1,3,1,14,23
2017,1,3,1,14,2
2017,1,3,1,13,46
2017,1,3,1,12,57
2017,1,3,1,12,52
2017,1,3,1,12,50
2017,1,3,1,12,39
2017,1,3,1,12,37
2017,1,3,1,11,50
2017,1,3,1,11,42
2017,1,3,1,11,38
2017,1,3,1,10,26
2017,1,3,1,10,15
2017,1,3,1,9,45
2017,1,3,1,8,44
2017,1,3,1,8,28
2017,1,2,0,17,54
2017,1,2,0,8,19
2017,1,1,6,8,22
2016,12,31,5,16,8
2016,12,31,5,15,55
2016,12,31,5,8,19
2016,12,30,4,10,1
2016,12,30,4,8,23
2016,12,29,3,20,52
2016,12,29,3,14,24
2016,12,29,3,13,54
2016,12,29,3,13,46
2016,12,29,3,10,29
2016,12,29,3,8,19
2016,12,29,3,7,16
2016,12,28,2,22,42
2016,12,28,2,11,18
2016,12,28,2,8,20
2016,12,27,1,16,49
2016,12,27,1,10,57
2016,12,27,1,8,24
2016,12,26,0,8,20
2016,12,25,6,8,21
2016,12,24,5,8,19
2016,12,23,4,17,33
2016,12,23,4,10,47
2016,12,23,4,10,3
2016,12,23,4,8,23
2016,12,22,3,22,57
2016,12,22,3,20,55
2016,12,22,3,20,43
2016,12,22,3,16,42
2016,12,22,3,15,58
2016,12,22,3,13,26
2016,12,22,3,11,39
2016,12,22,3,10,12
2016,12,22,3,8,19
2016,12,21,2,16,7
2016,12,21,2,15,49
2016,12,21,2,13,59
2016,12,21,2,11,18
2016,12,21,2,11,18
2016,12,21,2,11,18
2016,12,21,2,9,28
2016,12,21,2,9,20
2016,12,21,2,9,9
2016,12,21,2,8,44
2016,12,21,2,6,34
2016,12,21,2,6,34
2016,12,20,1,17,26
2016,12,20,1,17,3
2016,12,20,1,17,0
2016,12,20,1,16,15
2016,12,20,1,16,3
2016,12,20,1,14,39
2016,12,20,1,13,58
2016,12,20,1,13,37
2016,12,20,1,13,34
2016,12,20,1,10,17
2016,12,20,1,9,31
2016,12,20,1,9,24
2016,12,20,1,8,19
2016,12,19,0,16,45
2016,12,19,0,16,19
2016,12,19,0,16,19
2016,12,19,0,15,9
2016,12,19,0,15,5
2016,12,19,0,14,31
2016,12,19,0,14,22
2016,12,19,0,14,19
2016,12,19,0,14,10
2016,12,19,0,13,4
2016,12,19,0,12,8
2016,12,19,0,10,53
2016,12,19,0,8,21
2016,12,18,6,8,25
2016,12,17,5,8,30
2016,12,16,4,19,49
2016,12,16,4,16,32
2016,12,16,4,15,40
2016,12,16,4,15,18
2016,12,16,4,15,13
2016,12,16,4,14,34
2016,12,16,4,13,35
2016,12,16,4,13,34
2016,12,16,4,13,11
2016,12,16,4,11,36
2016,12,16,4,7,58
2016,12,15,3,21,48
2016,12,15,3,19,45
2016,12,15,3,18,11
2016,12,15,3,17,39
2016,12,15,3,13,21
2016,12,15,3,11,11
2016,12,15,3,11,11
2016,12,15,3,11,11
2016,12,15,3,8,39
2016,12,15,3,8,2
2016,12,15,3,7,22
2016,12,14,2,16,4
2016,12,14,2,14,44
2016,12,14,2,14,37
2016,12,14,2,14,36
2016,12,14,2,14,36
2016,12,14,2,14,36
2016,12,14,2,14,36
2016,12,14,2,13,51
2016,12,14,2,13,15
2016,12,14,2,11,25
2016,12,14,2,11,19
2016,12,14,2,11,2
2016,12,14,2,10,57
2016,12,14,2,10,55
2016,12,14,2,10,52
2016,12,14,2,10,12
2016,12,14,2,8,47
2016,12,13,1,21,16
2016,12,13,1,20,13
2016,12,13,1,20,12
2016,12,13,1,17,30
2016,12,13,1,17,0
2016,12,13,1,16,27
2016,12,13,1,16,18
2016,12,13,1,15,16
2016,12,13,1,15,16
2016,12,13,1,14,53
2016,12,13,1,14,46
2016,12,13,1,13,1
2016,12,13,1,12,54
2016,12,13,1,12,46
2016,12,13,1,12,43
2016,12,13,1,12,39
2016,12,13,1,12,30
2016,12,13,1,12,28
2016,12,13,1,12,14
2016,12,13,1,12,6
2016,12,13,1,10,39
2016,12,13,1,10,17
2016,12,13,1,9,51
2016,12,13,1,9,47
2016,12,13,1,9,41
2016,12,13,1,9,40
2016,12,13,1,9,35
2016,12,13,1,9,29
2016,12,13,1,9,28
2016,12,13,1,9,28
2016,12,13,1,8,29
2016,12,13,1,3,6
2016,12,12,0,21,24
2016,12,12,0,21,3
2016,12,12,0,20,56
2016,12,12,0,20,15
2016,12,12,0,17,59
2016,12,12,0,16,8
2016,12,12,0,15,45
2016,12,12,0,11,39
2016,12,12,0,11,35
2016,12,12,0,10,31
2016,12,12,0,10,23
2016,12,12,0,9,58
2016,12,12,0,9,53
2016,12,12,0,9,15
2016,12,12,0,9,5
2016,12,12,0,8,55
2016,12,12,0,8,31
2016,12,11,6,20,50
2016,12,11,6,20,36
2016,12,11,6,14,26
2016,12,11,6,13,45
2016,12,11,6,8,41
2016,12,10,5,18,10
2016,12,10,5,18,9
2016,12,10,5,17,9
2016,12,10,5,8,43
2016,12,9,4,19,37
2016,12,9,4,15,16
2016,12,9,4,14,7
2016,12,9,4,13,25
2016,12,9,4,12,4
2016,12,9,4,10,56
2016,12,9,4,9,35
2016,12,9,4,9,35
2016,12,9,4,8,47
2016,12,9,4,8,34
2016,12,8,3,21,15
2016,12,8,3,17,23
2016,12,8,3,16,43
2016,12,8,3,16,35
2016,12,8,3,16,29
2016,12,8,3,16,3
2016,12,8,3,14,37
2016,12,8,3,14,4
2016,12,8,3,13,58
2016,12,8,3,11,40
2016,12,8,3,11,38
2016,12,8,3,11,31
2016,12,8,3,11,27
2016,12,8,3,10,27
2016,12,8,3,10,26
2016,12,8,3,10,22
2016,12,8,3,10,10
2016,12,8,3,10,0
2016,12,8,3,9,55
2016,12,8,3,9,54
2016,12,8,3,9,0
2016,12,8,3,8,57
2016,12,8,3,8,53
2016,12,7,2,22,1
2016,12,7,2,17,7
2016,12,7,2,16,51
2016,12,7,2,16,42
2016,12,7,2,16,31
2016,12,7,2,16,0
2016,12,7,2,15,51
2016,12,7,2,14,12
2016,12,7,2,14,1
2016,12,7,2,13,57
2016,12,7,2,12,40
2016,12,7,2,12,38
2016,12,7,2,12,13
2016,12,7,2,12,13
2016,12,7,2,12,0
2016,12,7,2,11,58
2016,12,7,2,11,42
2016,12,7,2,10,54
2016,12,7,2,10,51
2016,12,7,2,10,49
2016,12,7,2,10,30
2016,12,7,2,9,54
2016,12,7,2,9,27
2016,12,7,2,9,15
2016,12,7,2,8,58
2016,12,7,2,8,42
2016,12,6,1,16,29
2016,12,6,1,16,2
2016,12,6,1,14,52
2016,12,6,1,14,51
2016,12,6,1,14,22
2016,12,6,1,14,13
2016,12,6,1,14,11
2016,12,6,1,14,9
2016,12,6,1,14,9
2016,12,6,1,13,56
2016,12,6,1,13,48
2016,12,6,1,13,46
2016,12,6,1,13,44
2016,12,6,1,13,30
2016,12,6,1,11,35
2016,12,6,1,11,2
2016,12,6,1,10,20
2016,12,6,1,9,57
2016,12,6,1,9,47
2016,12,6,1,9,33
2016,12,6,1,8,55
2016,12,6,1,8,34
2016,12,6,1,8,24
2016,12,6,1,8,8
2016,12,6,1,8,2
2016,12,5,0,16,19
2016,12,5,0,15,58
2016,12,5,0,14,25
2016,12,5,0,13,17
2016,12,5,0,13,13
2016,12,5,0,13,9
2016,12,5,0,13,2
2016,12,5,0,12,57
2016,12,5,0,12,33
2016,12,5,0,11,22
2016,12,5,0,9,23
2016,12,5,0,8,58
2016,12,5,0,8,32
2016,12,4,6,21,30
2016,12,2,4,15,11
2016,12,2,4,14,24
2016,12,2,4,13,17
2016,12,2,4,13,8
2016,12,2,4,12,40
2016,12,2,4,11,59
2016,12,2,4,11,49
2016,12,2,4,9,58
2016,12,2,4,9,42
2016,12,2,4,0,47
2016,12,1,3,21,31
2016,12,1,3,21,29
2016,12,1,3,19,13
2016,12,1,3,17,6
2016,12,1,3,17,6
2016,12,1,3,17,4
2016,12,1,3,12,10
2016,12,1,3,12,7
2016,12,1,3,11,29
2016,12,1,3,10,4
2016,12,1,3,9,57
2016,12,1,3,9,50
2016,12,1,3,9,20
2016,12,1,3,9,17
2016,12,1,3,9,2
2016,12,1,3,8,50
2016,12,1,3,8,28
2016,12,1,3,8,4
2016,12,1,3,7,2
2016,11,30,2,19,2
2016,11,30,2,17,11
2016,11,30,2,16,16
2016,11,30,2,15,48
2016,11,30,2,15,47
2016,11,30,2,15,47
2016,11,30,2,15,47
2016,11,30,2,15,24
2016,11,30,2,15,11
2016,11,30,2,14,58
2016,11,30,2,14,49
2016,11,30,2,14,17
2016,11,30,2,14,12
2016,11,30,2,13,59
2016,11,30,2,13,20
2016,11,30,2,13,18
2016,11,30,2,13,10
2016,11,30,2,12,46
2016,11,30,2,12,42
2016,11,30,2,11,5
2016,11,30,2,10,42
2016,11,30,2,10,38
2016,11,30,2,10,0
2016,11,30,2,9,18
2016,11,30,2,8,51
2016,11,30,2,8,47
2016,11,30,2,0,19
2016,11,29,1,21,42
2016,11,29,1,16,3
2016,11,29,1,15,24
2016,11,29,1,12,42
2016,11,29,1,12,40
2016,11,29,1,12,38
2016,11,29,1,11,10
2016,11,29,1,11,10
2016,11,29,1,10,59
2016,11,29,1,10,54
2016,11,29,1,10,54
2016,11,29,1,10,40
2016,11,29,1,9,57
2016,11,29,1,9,39
2016,11,29,1,9,22
2016,11,29,1,9,19
2016,11,28,0,17,41
2016,11,28,0,17,10
2016,11,28,0,15,59
2016,11,28,0,15,51
2016,11,28,0,15,47
2016,11,28,0,15,14
2016,11,28,0,15,0
2016,11,28,0,13,35
2016,11,28,0,13,24
2016,11,28,0,13,1
2016,11,28,0,11,49
2016,11,28,0,11,19
2016,11,28,0,10,56
2016,11,28,0,10,54
2016,11,28,0,10,52
2016,11,28,0,10,52
2016,11,28,0,10,34
2016,11,28,0,10,25
2016,11,28,0,8,51
2016,11,28,0,7,46
2016,11,27,6,20,9
2016,11,25,4,9,36
2016,11,25,4,9,19
2016,11,25,4,8,33
2016,11,24,3,21,26
2016,11,23,2,13,11
2016,11,23,2,11,28
2016,11,23,2,11,15
2016,11,23,2,11,14
2016,11,23,2,10,53
2016,11,23,2,10,45
2016,11,23,2,10,41
2016,11,23,2,10,41
2016,11,23,2,10,41
2016,11,23,2,10,18
2016,11,23,2,8,58
2016,11,23,2,8,47
2016,11,23,2,8,18
2016,11,23,2,6,31
2016,11,23,2,6,30
2016,11,22,1,20,29
2016,11,22,1,17,53
2016,11,22,1,16,44
2016,11,22,1,15,51
2016,11,22,1,13,41
2016,11,22,1,13,7
2016,11,22,1,13,5
2016,11,22,1,13,5
2016,11,22,1,13,5
2016,11,22,1,13,4
2016,11,22,1,12,48
2016,11,22,1,12,41
2016,11,22,1,11,41
2016,11,22,1,10,32
2016,11,22,1,9,5
2016,11,21,0,16,12
2016,11,21,0,16,10
2016,11,21,0,15,42
2016,11,21,0,15,40
2016,11,21,0,13,53
2016,11,21,0,13,53
2016,11,21,0,13,9
2016,11,21,0,12,39
2016,11,21,0,12,37
2016,11,21,0,11,58
2016,11,21,0,11,2
2016,11,21,0,10,47
2016,11,21,0,10,38
2016,11,21,0,10,26
2016,11,21,0,10,26
2016,11,21,0,10,26
2016,11,21,0,9,57
2016,11,21,0,9,48
2016,11,21,0,9,31
2016,11,19,5,17,47
2016,11,18,4,16,7
2016,11,18,4,16,5
2016,11,18,4,15,22
2016,11,18,4,15,6
2016,11,18,4,14,39
2016,11,18,4,14,16
2016,11,18,4,14,2
2016,11,18,4,11,46
2016,11,18,4,11,43
2016,11,18,4,7,42
2016,11,17,3,20,8
2016,11,17,3,15,9
2016,11,17,3,14,11
2016,11,17,3,13,34
2016,11,17,3,13,3
2016,11,17,3,10,57
2016,11,17,3,9,24
2016,11,17,3,6,17
2016,11,16,2,21,20
2016,11,16,2,21,13
2016,11,16,2,17,2
2016,11,16,2,14,27
2016,11,16,2,13,55
2016,11,16,2,13,55
2016,11,16,2,13,54
2016,11,16,2,12,3
2016,11,16,2,11,54
2016,11,16,2,11,48
2016,11,16,2,11,0
2016,11,16,2,9,59
2016,11,16,2,9,43
2016,11,16,2,9,26
2016,11,16,2,9,11
2016,11,16,2,9,7
2016,11,16,2,8,39
2016,11,16,2,7,52
2016,11,15,1,22,34
2016,11,15,1,21,19
2016,11,15,1,17,15
2016,11,15,1,16,55
2016,11,15,1,16,28
2016,11,15,1,14,43
2016,11,15,1,14,43
2016,11,15,1,14,43
2016,11,15,1,14,23
2016,11,15,1,14,12
2016,11,15,1,13,19
2016,11,15,1,12,33
2016,11,15,1,11,14
2016,11,15,1,11,13
2016,11,15,1,10,40
2016,11,15,1,10,30
2016,11,15,1,10,13
2016,11,15,1,10,5
2016,11,15,1,10,5
2016,11,15,1,10,5
2016,11,15,1,10,1
2016,11,15,1,9,57
2016,11,15,1,9,54
2016,11,15,1,9,53
2016,11,15,1,9,52
2016,11,15,1,9,8
2016,11,15,1,9,3
2016,11,15,1,8,47
2016,11,15,1,8,32
2016,11,15,1,8,1
2016,11,15,1,6,42
2016,11,14,0,22,27
2016,11,14,0,21,37
2016,11,14,0,21,37
2016,11,14,0,17,53
2016,11,14,0,17,47
2016,11,14,0,17,37
2016,11,14,0,17,34
2016,11,14,0,16,27
2016,11,14,0,15,35
2016,11,14,0,15,33
2016,11,14,0,15,13
2016,11,14,0,14,54
2016,11,14,0,13,54
2016,11,14,0,13,29
2016,11,14,0,13,20
2016,11,14,0,13,1
2016,11,14,0,12,9
2016,11,14,0,12,1
2016,11,14,0,11,39
2016,11,14,0,11,28
2016,11,14,0,11,20
2016,11,14,0,10,36
2016,11,14,0,10,35
2016,11,14,0,10,33
2016,11,14,0,10,33
2016,11,14,0,10,19
2016,11,14,0,10,3
2016,11,14,0,9,57
2016,11,14,0,9,51
2016,11,14,0,9,0
2016,11,14,0,8,27
2016,11,11,4,9,52
2016,11,11,4,9,40
2016,11,11,4,9,31
2016,11,11,4,9,31
2016,11,11,4,9,31
2016,11,11,4,9,31
2016,11,11,4,9,31
2016,11,11,4,9,30
2016,11,11,4,9,30
2016,11,11,4,9,30
2016,11,11,4,9,30
2016,11,11,4,9,30
2016,11,11,4,9,30
2016,11,11,4,9,30
2016,11,10,3,23,27
2016,11,10,3,20,53
2016,11,10,3,18,20
2016,11,10,3,18,2
2016,11,10,3,17,27
2016,11,10,3,16,45
2016,11,10,3,16,34
2016,11,10,3,16,25
2016,11,10,3,16,24
2016,11,10,3,16,1
2016,11,10,3,15,50
2016,11,10,3,15,36
2016,11,10,3,15,36
2016,11,10,3,15,18
2016,11,10,3,13,54
2016,11,10,3,13,36
2016,11,10,3,13,31
2016,11,10,3,12,41
2016,11,10,3,11,54
2016,11,10,3,11,26
2016,11,10,3,9,29
2016,11,10,3,6,18
2016,11,9,2,17,8
2016,11,9,2,16,58
2016,11,9,2,16,43
2016,11,9,2,16,35
2016,11,9,2,15,48
2016,11,9,2,15,24
2016,11,9,2,15,4
2016,11,9,2,14,43
2016,11,9,2,14,38
2016,11,9,2,13,37
2016,11,9,2,13,22
2016,11,9,2,13,20
2016,11,9,2,12,46
2016,11,9,2,12,26
2016,11,9,2,12,24
2016,11,9,2,12,22
2016,11,9,2,12,21
2016,11,9,2,12,19
2016,11,9,2,11,45
2016,11,9,2,11,43
2016,11,9,2,11,39
2016,11,9,2,11,34
2016,11,9,2,11,30
2016,11,9,2,11,27
2016,11,9,2,11,22
2016,11,9,2,11,22
2016,11,9,2,11,1
2016,11,9,2,10,32
2016,11,9,2,10,29
2016,11,9,2,10,15
2016,11,9,2,9,31
2016,11,9,2,9,23
2016,11,9,2,9,20
2016,11,9,2,8,30
2016,11,9,2,8,10
2016,11,9,2,8,9
2016,11,8,1,16,50
2016,11,8,1,16,42
2016,11,8,1,16,15
2016,11,8,1,15,18
2016,11,8,1,14,57
2016,11,8,1,11,19
2016,11,8,1,11,4
2016,11,8,1,10,37
2016,11,8,1,10,34
2016,11,8,1,10,0
2016,11,8,1,9,49
2016,11,8,1,9,32
2016,11,8,1,9,10
2016,11,8,1,8,58
2016,11,8,1,8,53
2016,11,7,0,16,22
2016,11,7,0,16,21
2016,11,7,0,16,20
2016,11,7,0,16,4
2016,11,7,0,14,59
2016,11,7,0,14,58
2016,11,7,0,14,9
2016,11,7,0,13,41
2016,11,7,0,13,24
2016,11,7,0,13,3
2016,11,7,0,12,5
2016,11,6,6,21,55
2016,11,4,4,17,7
2016,11,4,4,17,7
2016,11,4,4,17,6
2016,11,4,4,13,58
2016,11,4,4,13,53
2016,11,4,4,12,30
2016,11,4,4,11,10
2016,11,4,4,11,6
2016,11,4,4,10,55
2016,11,4,4,8,20
2016,11,3,3,22,55
2016,11,3,3,19,55
2016,11,3,3,17,34
2016,11,3,3,17,31
2016,11,3,3,16,22
2016,11,3,3,15,55
2016,11,3,3,15,34
2016,11,3,3,15,29
2016,11,3,3,15,29
2016,11,3,3,15,12
2016,11,3,3,15,11
2016,11,3,3,14,53
2016,11,3,3,14,6
2016,11,3,3,13,23
2016,11,3,3,12,27
2016,11,3,3,11,54
2016,11,3,3,11,53
2016,11,3,3,11,47
2016,11,3,3,10,53
2016,11,3,3,10,27
2016,11,3,3,10,8
2016,11,3,3,8,48
2016,11,2,2,16,25
2016,11,2,2,15,16
2016,11,2,2,15,5
2016,11,2,2,13,15
2016,11,2,2,12,55
2016,11,2,2,12,41
2016,11,2,2,11,31
2016,11,2,2,10,6
2016,11,2,2,9,52
2016,11,2,2,9,37
2016,11,2,2,9,25
2016,11,2,2,8,53
2016,11,2,2,8,39
2016,11,2,2,8,18
2016,11,1,1,22,20
2016,11,1,1,20,24
2016,11,1,1,16,51
2016,11,1,1,16,48
2016,11,1,1,16,22
2016,11,1,1,15,50
2016,11,1,1,14,49
2016,11,1,1,14,16
2016,11,1,1,13,22
2016,11,1,1,13,19
2016,11,1,1,12,42
2016,11,1,1,10,46
2016,11,1,1,10,39
2016,11,1,1,10,25
2016,11,1,1,10,7
2016,11,1,1,9,42
2016,11,1,1,9,28
2016,11,1,1,8,6
2016,11,1,1,7,31
2016,10,31,0,22,5
2016,10,31,0,17,26
2016,10,31,0,14,19
2016,10,31,0,13,31
2016,10,31,0,13,31
2016,10,31,0,13,24
2016,10,31,0,13,2
2016,10,31,0,13,1
2016,10,31,0,12,2
2016,10,31,0,10,57
2016,10,31,0,10,41
2016,10,31,0,10,37
2016,10,31,0,10,32
2016,10,31,0,10,23
2016,10,31,0,9,31
2016,10,31,0,9,21
2016,10,31,0,9,18
2016,10,31,0,8,39
2016,10,31,0,8,14
2016,10,31,0,7,24
2016,10,30,6,10,37
2016,10,29,5,13,51
2016,10,29,5,13,35
2016,10,29,5,10,32
2016,10,28,4,20,47
2016,10,28,4,20,36
2016,10,28,4,16,32
2016,10,28,4,15,9
2016,10,28,4,13,36
2016,10,28,4,12,3
2016,10,28,4,11,26
2016,10,28,4,11,24
2016,10,28,4,11,20
2016,10,28,4,11,15
2016,10,28,4,11,11
2016,10,28,4,11,9
2016,10,28,4,11,7
2016,10,28,4,10,58
2016,10,28,4,10,51
2016,10,28,4,10,47
2016,10,28,4,10,42
2016,10,28,4,10,35
2016,10,28,4,10,31
2016,10,28,4,9,13
2016,10,28,4,9,11
2016,10,28,4,8,44
2016,10,28,4,6,1
2016,10,28,4,3,11
2016,10,27,3,21,52
2016,10,27,3,21,13
2016,10,27,3,15,45
2016,10,27,3,15,44
2016,10,27,3,15,37
2016,10,27,3,14,7
2016,10,27,3,13,27
2016,10,27,3,12,57
2016,10,27,3,12,53
2016,10,27,3,12,39
2016,10,27,3,12,33
2016,10,27,3,12,29
2016,10,27,3,12,8
2016,10,27,3,11,12
2016,10,27,3,10,6
2016,10,27,3,10,2
2016,10,27,3,8,42
2016,10,27,3,8,37
2016,10,26,2,15,36
2016,10,26,2,15,32
2016,10,26,2,15,28
2016,10,26,2,15,16
2016,10,26,2,15,12
2016,10,26,2,15,4
2016,10,26,2,15,4
2016,10,26,2,14,55
2016,10,26,2,14,53
2016,10,26,2,14,44
2016,10,26,2,14,40
2016,10,26,2,14,37
2016,10,26,2,14,36
2016,10,26,2,14,35
2016,10,26,2,14,34
2016,10,26,2,14,32
2016,10,26,2,13,30
2016,10,26,2,12,43
2016,10,26,2,12,26
2016,10,26,2,10,38
2016,10,26,2,10,37
2016,10,26,2,10,28
2016,10,26,2,9,45
2016,10,26,2,9,21
2016,10,26,2,9,13
2016,10,26,2,9,4
2016,10,26,2,7,40
2016,10,26,2,6,58
2016,10,26,2,6,58
2016,10,25,1,21,54
2016,10,25,1,21,53
2016,10,25,1,19,41
2016,10,25,1,18,27
2016,10,25,1,17,43
2016,10,25,1,17,27
2016,10,25,1,17,24
2016,10,25,1,17,18
2016,10,25,1,17,17
2016,10,25,1,17,15
2016,10,25,1,17,7
2016,10,25,1,17,6
2016,10,25,1,16,49
2016,10,25,1,16,38
2016,10,25,1,15,53
2016,10,25,1,15,51
2016,10,25,1,15,48
2016,10,25,1,14,37
2016,10,25,1,13,44
2016,10,25,1,13,39
2016,10,25,1,11,52
2016,10,25,1,11,5
2016,10,25,1,11,3
2016,10,25,1,10,49
2016,10,25,1,10,49
2016,10,25,1,10,47
2016,10,25,1,10,44
2016,10,25,1,10,33
2016,10,25,1,10,32
2016,10,25,1,10,31
2016,10,25,1,10,30
2016,10,25,1,10,28
2016,10,25,1,10,28
2016,10,25,1,10,26
2016,10,25,1,10,19
2016,10,25,1,10,16
2016,10,25,1,9,44
2016,10,25,1,9,33
2016,10,25,1,9,18
2016,10,25,1,6,57
2016,10,24,0,14,18
2016,10,24,0,13,12
2016,10,24,0,13,2
2016,10,24,0,12,58
2016,10,24,0,12,46
2016,10,24,0,12,38
2016,10,24,0,11,8
2016,10,24,0,10,29
2016,10,24,0,10,25
2016,10,24,0,9,45
2016,10,24,0,9,12
2016,10,24,0,9,11
2016,10,23,6,22,33
2016,10,23,6,22,26
2016,10,23,6,22,24
2016,10,22,5,22,21
2016,10,21,4,19,11
2016,10,21,4,18,24
2016,10,21,4,18,22
2016,10,21,4,18,19
2016,10,21,4,18,4
2016,10,21,4,17,58
2016,10,21,4,17,16
2016,10,21,4,16,25
2016,10,21,4,14,10
2016,10,21,4,13,51
2016,10,21,4,13,41
2016,10,21,4,11,27
2016,10,21,4,11,19
2016,10,21,4,11,12
2016,10,21,4,11,11
2016,10,21,4,11,9
2016,10,21,4,10,56
2016,10,21,4,10,11
2016,10,21,4,9,59
2016,10,20,3,21,0
2016,10,20,3,20,56
2016,10,20,3,20,22
2016,10,20,3,16,53
2016,10,20,3,16,43
2016,10,20,3,16,7
2016,10,20,3,14,15
2016,10,20,3,13,55
2016,10,20,3,13,50
2016,10,20,3,13,48
2016,10,20,3,13,47
2016,10,20,3,13,47
2016,10,20,3,13,47
2016,10,20,3,13,47
2016,10,20,3,13,46
2016,10,20,3,13,43
2016,10,20,3,13,42
2016,10,20,3,13,42
2016,10,20,3,13,42
2016,10,20,3,13,41
2016,10,20,3,13,41
2016,10,20,3,13,40
2016,10,20,3,13,6
2016,10,20,3,11,47
2016,10,20,3,11,38
2016,10,20,3,10,56
2016,10,20,3,10,30
2016,10,20,3,9,53
2016,10,20,3,9,52
2016,10,20,3,9,51
2016,10,20,3,9,50
2016,10,20,3,9,41
2016,10,20,3,9,17
2016,10,20,3,8,13
2016,10,19,2,23,14
2016,10,19,2,23,6
2016,10,19,2,18,18
2016,10,19,2,17,0
2016,10,19,2,16,44
2016,10,19,2,16,30
2016,10,19,2,15,42
2016,10,19,2,15,34
2016,10,19,2,15,24
2016,10,19,2,14,25
2016,10,19,2,13,22
2016,10,19,2,13,14
2016,10,19,2,13,10
2016,10,19,2,11,15
2016,10,19,2,10,39
2016,10,19,2,10,35
2016,10,19,2,10,5
2016,10,19,2,9,59
2016,10,19,2,7,53
2016,10,19,2,6,18
2016,10,18,1,20,22
2016,10,18,1,17,28
2016,10,18,1,16,22
2016,10,18,1,15,4
2016,10,18,1,15,2
2016,10,18,1,14,13
2016,10,18,1,12,39
2016,10,18,1,12,15
2016,10,18,1,11,26
2016,10,18,1,10,57
2016,10,18,1,10,6
2016,10,18,1,10,4
2016,10,18,1,8,11
2016,10,18,1,8,2
2016,10,18,1,2,1
2016,10,17,0,22,5
2016,10,17,0,14,38
2016,10,17,0,13,35
2016,10,17,0,13,24
2016,10,17,0,11,53
2016,10,17,0,11,49
2016,10,17,0,11,40
2016,10,17,0,11,38
2016,10,17,0,11,18
2016,10,17,0,11,15
2016,10,14,4,20,21
2016,10,14,4,16,28
2016,10,14,4,16,0
2016,10,14,4,15,56
2016,10,14,4,12,55
2016,10,14,4,12,22
2016,10,14,4,12,17
2016,10,14,4,9,10
2016,10,13,3,23,17
2016,10,13,3,22,32
2016,10,13,3,19,14
2016,10,13,3,15,8
2016,10,13,3,15,2
2016,10,13,3,12,11
2016,10,13,3,10,53
2016,10,13,3,9,58
2016,10,13,3,9,55
2016,10,13,3,9,51
2016,10,13,3,8,56
2016,10,13,3,7,59
2016,10,13,3,7,56
2016,10,13,3,7,54
2016,10,13,3,6,17
2016,10,12,2,17,3
2016,10,12,2,15,52
2016,10,12,2,15,6
2016,10,12,2,14,32
2016,10,12,2,11,19
2016,10,12,2,10,39
2016,10,12,2,10,31
2016,10,12,2,10,9
2016,10,12,2,10,3
2016,10,12,2,10,0
2016,10,12,2,7,33
2016,10,11,1,16,46
2016,10,11,1,15,47
2016,10,11,1,15,25
2016,10,11,1,14,23
2016,10,11,1,13,32
2016,10,11,1,13,18
2016,10,11,1,12,3
2016,10,11,1,11,27
2016,10,11,1,10,8
2016,10,11,1,10,3
2016,10,11,1,9,10
2016,10,11,1,8,30
2016,10,11,1,8,20
2016,10,7,4,17,0
2016,10,7,4,16,12
2016,10,7,4,16,8
2016,10,7,4,15,47
2016,10,7,4,15,44
2016,10,7,4,15,7
2016,10,7,4,13,52
2016,10,7,4,13,45
2016,10,7,4,13,18
2016,10,7,4,13,2
2016,10,7,4,12,49
2016,10,7,4,12,43
2016,10,7,4,12,25
2016,10,7,4,12,19
2016,10,7,4,12,15
2016,10,7,4,12,12
2016,10,7,4,12,11
2016,10,7,4,12,7
2016,10,7,4,10,54
2016,10,7,4,9,55
2016,10,7,4,9,25
2016,10,7,4,9,18
2016,10,7,4,8,59
2016,10,7,4,8,19
2016,10,6,3,20,44
2016,10,6,3,20,35
2016,10,6,3,19,52
2016,10,6,3,19,17
2016,10,6,3,18,10
2016,10,6,3,16,56
2016,10,6,3,16,47
2016,10,6,3,16,12
2016,10,6,3,15,54
2016,10,6,3,15,49
2016,10,6,3,15,23
2016,10,6,3,14,42
2016,10,6,3,14,41
2016,10,6,3,13,59
2016,10,6,3,13,35
2016,10,6,3,13,27
2016,10,6,3,13,26
2016,10,6,3,13,25
2016,10,6,3,13,20
2016,10,6,3,13,3
2016,10,6,3,12,33
2016,10,6,3,11,33
2016,10,6,3,11,15
2016,10,6,3,11,4
2016,10,6,3,10,59
2016,10,6,3,10,54
2016,10,6,3,10,53
2016,10,6,3,10,48
2016,10,6,3,10,42
2016,10,6,3,10,38
2016,10,6,3,9,36
2016,10,6,3,8,5
2016,10,6,3,6,19
2016,10,5,2,22,6
2016,10,5,2,19,35
2016,10,5,2,17,29
2016,10,5,2,17,14
2016,10,5,2,16,22
2016,10,5,2,16,22
2016,10,5,2,16,20
2016,10,5,2,15,57
2016,10,5,2,15,33
2016,10,5,2,15,29
2016,10,5,2,14,33
2016,10,5,2,13,34
2016,10,5,2,13,34
2016,10,5,2,13,26
2016,10,5,2,11,55
2016,10,5,2,11,51
2016,10,5,2,11,23
2016,10,5,2,11,21
2016,10,5,2,10,54
2016,10,5,2,9,17
2016,10,5,2,8,55
2016,10,5,2,8,35
2016,10,5,2,8,33
2016,10,5,2,8,30
2016,10,4,1,16,37
2016,10,4,1,16,13
2016,10,4,1,16,3
2016,10,4,1,16,3
2016,10,4,1,14,34
2016,10,4,1,14,27
2016,10,4,1,14,23
2016,10,4,1,14,12
2016,10,4,1,14,3
2016,10,4,1,13,7
2016,10,4,1,11,36
2016,10,4,1,11,35
2016,10,4,1,11,28
2016,10,4,1,10,48
2016,10,4,1,10,6
2016,10,4,1,9,53
2016,10,4,1,9,34
2016,10,4,1,9,3
2016,10,3,0,20,17
2016,10,3,0,20,2
2016,10,3,0,16,49
2016,10,3,0,16,45
2016,10,3,0,16,25
2016,10,3,0,15,25
2016,10,3,0,14,29
2016,10,3,0,12,5
2016,10,3,0,11,31
2016,10,3,0,11,25
2016,10,3,0,11,25
2016,10,3,0,11,23
2016,10,3,0,11,20
2016,10,3,0,10,58
2016,10,3,0,10,48
2016,10,3,0,10,48
2016,10,3,0,10,30
2016,10,3,0,10,26
2016,10,3,0,10,20
2016,10,3,0,10,20
2016,10,3,0,10,19
2016,10,3,0,10,13
2016,10,3,0,10,12
2016,10,3,0,10,10
2016,10,3,0,10,9
2016,10,3,0,10,6
2016,10,3,0,10,0
2016,10,3,0,9,26
2016,10,3,0,9,23
2016,10,3,0,8,5
2016,10,1,5,7,58
2016,9,30,4,18,41
2016,9,30,4,16,28
2016,9,30,4,15,31
2016,9,30,4,15,23
2016,9,30,4,15,3
2016,9,30,4,14,33
2016,9,30,4,14,30
2016,9,30,4,13,28
2016,9,30,4,13,7
2016,9,30,4,12,40
2016,9,30,4,12,27
2016,9,30,4,12,21
2016,9,30,4,12,19
2016,9,30,4,12,9
2016,9,30,4,12,6
2016,9,30,4,12,4
2016,9,30,4,11,38
2016,9,30,4,11,38
2016,9,30,4,11,37
2016,9,30,4,11,35
2016,9,30,4,11,18
2016,9,30,4,11,18
2016,9,30,4,11,8
2016,9,30,4,11,7
2016,9,30,4,11,2
2016,9,30,4,11,0
2016,9,30,4,10,57
2016,9,30,4,10,57
2016,9,30,4,6,52
2016,9,30,4,1,37
2016,9,29,3,22,32
2016,9,29,3,19,57
2016,9,29,3,15,42
2016,9,29,3,15,31
2016,9,29,3,14,57
2016,9,29,3,14,53
2016,9,29,3,14,19
2016,9,29,3,13,40
2016,9,29,3,13,24
2016,9,29,3,13,23
2016,9,29,3,12,56
2016,9,29,3,12,15
2016,9,29,3,12,14
2016,9,29,3,12,14
2016,9,29,3,10,49
2016,9,29,3,9,53
2016,9,28,2,16,56
2016,9,28,2,16,56
2016,9,28,2,16,51
2016,9,28,2,16,51
2016,9,28,2,16,49
2016,9,28,2,16,49
2016,9,28,2,16,46
2016,9,28,2,16,44
2016,9,28,2,16,42
2016,9,28,2,16,38
2016,9,28,2,16,37
2016,9,28,2,16,35
2016,9,28,2,16,31
2016,9,28,2,16,29
2016,9,28,2,16,28
2016,9,28,2,16,27
2016,9,28,2,16,27
2016,9,28,2,15,45
2016,9,28,2,15,18
2016,9,28,2,14,38
2016,9,28,2,14,25
2016,9,28,2,14,10
2016,9,28,2,14,8
2016,9,28,2,14,6
2016,9,28,2,14,5
2016,9,28,2,13,32
2016,9,28,2,13,26
2016,9,28,2,13,24
2016,9,28,2,13,21
2016,9,28,2,13,18
2016,9,28,2,13,18
2016,9,28,2,13,7
2016,9,28,2,13,6
2016,9,28,2,13,5
2016,9,28,2,12,50
2016,9,28,2,12,48
2016,9,28,2,12,24
2016,9,28,2,12,23
2016,9,28,2,12,22
2016,9,28,2,12,2
2016,9,28,2,12,0
2016,9,28,2,11,18
2016,9,28,2,11,12
2016,9,28,2,10,55
2016,9,28,2,10,31
2016,9,28,2,8,4
2016,9,28,2,8,4
2016,9,27,1,17,52
2016,9,27,1,16,42
2016,9,27,1,15,0
2016,9,27,1,14,4
2016,9,27,1,13,57
2016,9,27,1,13,56
2016,9,27,1,13,21
2016,9,27,1,12,6
2016,9,27,1,11,59
2016,9,27,1,11,54
2016,9,27,1,11,46
2016,9,27,1,11,40
2016,9,27,1,11,37
2016,9,27,1,11,29
2016,9,27,1,11,28
2016,9,27,1,11,27
2016,9,27,1,11,24
2016,9,27,1,11,20
2016,9,27,1,10,42
2016,9,27,1,10,35
2016,9,27,1,8,39
2016,9,27,1,8,18
2016,9,27,1,8,7
2016,9,26,0,16,30
2016,9,26,0,16,9
2016,9,26,0,15,37
2016,9,26,0,14,31
2016,9,26,0,14,30
2016,9,26,0,14,20
2016,9,26,0,13,57
2016,9,26,0,13,30
2016,9,26,0,13,5
2016,9,26,0,13,4
2016,9,26,0,11,55
2016,9,26,0,11,32
2016,9,26,0,9,28
2016,9,26,0,9,27
2016,9,26,0,8,53
2016,9,26,0,8,43
2016,9,26,0,7,45
2016,9,24,5,23,23
2016,9,24,5,4,6
2016,9,23,4,16,4
2016,9,23,4,15,30
2016,9,23,4,14,51
2016,9,23,4,14,30
2016,9,23,4,11,47
2016,9,23,4,11,34
2016,9,23,4,11,8
2016,9,23,4,11,2
2016,9,23,4,10,22
2016,9,23,4,10,14
2016,9,23,4,10,13
2016,9,23,4,9,8
2016,9,22,3,16,33
2016,9,22,3,16,16
2016,9,22,3,14,56
2016,9,22,3,14,7
2016,9,22,3,13,14
2016,9,22,3,13,13
2016,9,22,3,13,11
2016,9,22,3,12,1
2016,9,22,3,11,16
2016,9,22,3,11,13
2016,9,22,3,10,17
2016,9,22,3,9,24
2016,9,22,3,8,39
2016,9,22,3,7,52
2016,9,22,3,7,32
2016,9,21,2,22,48
2016,9,21,2,20,21
2016,9,21,2,18,34
2016,9,21,2,16,36
2016,9,21,2,15,50
2016,9,21,2,15,50
2016,9,21,2,14,59
2016,9,21,2,14,57
2016,9,21,2,14,50
2016,9,21,2,14,49
2016,9,21,2,14,48
2016,9,21,2,13,40
2016,9,21,2,13,25
2016,9,21,2,12,47
2016,9,21,2,11,1
2016,9,21,2,10,32
2016,9,21,2,10,22
2016,9,21,2,10,20
2016,9,21,2,10,18
2016,9,21,2,10,17
2016,9,21,2,10,14
2016,9,21,2,10,10
2016,9,21,2,10,9
2016,9,21,2,10,8
2016,9,21,2,10,6
2016,9,21,2,10,5
2016,9,21,2,9,50
2016,9,21,2,9,47
2016,9,21,2,9,16
2016,9,20,1,19,41
2016,9,20,1,16,55
2016,9,20,1,13,21
2016,9,20,1,13,11
2016,9,20,1,12,57
2016,9,20,1,12,46
2016,9,20,1,12,35
2016,9,20,1,12,34
2016,9,20,1,11,49
2016,9,20,1,11,30
2016,9,20,1,11,11
2016,9,20,1,10,57
2016,9,20,1,10,34
2016,9,20,1,10,14
2016,9,20,1,10,4
2016,9,20,1,9,40
2016,9,20,1,9,15
2016,9,19,0,16,20
2016,9,19,0,15,46
2016,9,19,0,15,42
2016,9,19,0,15,35
2016,9,19,0,15,16
2016,9,19,0,14,0
2016,9,19,0,13,47
2016,9,19,0,13,39
2016,9,19,0,13,32
2016,9,19,0,12,48
2016,9,19,0,12,7
2016,9,19,0,11,54
2016,9,19,0,11,28
2016,9,19,0,10,56
2016,9,19,0,10,20
2016,9,19,0,10,8
2016,9,19,0,9,58
2016,9,19,0,8,45
2016,9,19,0,8,2
2016,9,19,0,1,43
2016,9,16,4,16,36
2016,9,16,4,15,43
2016,9,16,4,15,11
2016,9,16,4,13,28
2016,9,16,4,13,11
2016,9,16,4,12,38
2016,9,16,4,12,30
2016,9,16,4,12,22
2016,9,16,4,12,10
2016,9,16,4,10,3
2016,9,16,4,9,51
2016,9,16,4,9,4
2016,9,15,3,22,10
2016,9,15,3,18,30
2016,9,15,3,17,37
2016,9,15,3,17,16
2016,9,15,3,17,16
2016,9,15,3,16,37
2016,9,15,3,16,31
2016,9,15,3,16,4
2016,9,15,3,15,59
2016,9,15,3,15,56
2016,9,15,3,15,27
2016,9,15,3,15,6
2016,9,15,3,13,57
2016,9,15,3,13,44
2016,9,15,3,12,19
2016,9,15,3,12,12
2016,9,15,3,11,57
2016,9,15,3,11,56
2016,9,15,3,11,23
2016,9,15,3,11,6
2016,9,15,3,10,51
2016,9,15,3,10,41
2016,9,15,3,10,20
2016,9,15,3,9,49
2016,9,15,3,9,38
2016,9,15,3,9,34
2016,9,14,2,19,2
2016,9,14,2,18,7
2016,9,14,2,16,5
2016,9,14,2,16,4
2016,9,14,2,15,42
2016,9,14,2,14,55
2016,9,14,2,11,7
2016,9,14,2,10,53
2016,9,14,2,10,25
2016,9,14,2,9,51
2016,9,14,2,9,5
2016,9,14,2,9,4
2016,9,13,1,19,9
2016,9,13,1,17,46
2016,9,13,1,17,22
2016,9,13,1,17,18
2016,9,13,1,16,25
2016,9,13,1,15,1
2016,9,13,1,14,54
2016,9,13,1,14,49
2016,9,13,1,12,50
2016,9,13,1,12,12
2016,9,13,1,12,5
2016,9,13,1,11,31
2016,9,13,1,9,51
2016,9,13,1,9,42
2016,9,13,1,9,35
2016,9,13,1,8,37
2016,9,12,0,20,33
2016,9,12,0,16,35
2016,9,12,0,15,50
2016,9,12,0,15,49
2016,9,12,0,14,40
2016,9,12,0,14,25
2016,9,12,0,13,42
2016,9,12,0,12,59
2016,9,12,0,12,58
2016,9,12,0,12,58
2016,9,12,0,12,56
2016,9,12,0,12,44
2016,9,12,0,12,39
2016,9,12,0,12,21
2016,9,12,0,11,44
2016,9,12,0,11,10
2016,9,12,0,10,55
2016,9,12,0,10,39
2016,9,12,0,8,37
2016,9,10,5,16,35
2016,9,9,4,15,59
2016,9,9,4,15,20
2016,9,9,4,15,7
2016,9,9,4,14,38
2016,9,9,4,14,33
2016,9,9,4,14,30
2016,9,9,4,14,22
2016,9,9,4,12,13
2016,9,9,4,11,2
2016,9,9,4,10,25
2016,9,9,4,8,5
2016,9,8,3,21,43
2016,9,8,3,21,20
2016,9,8,3,19,53
2016,9,8,3,16,37
2016,9,8,3,16,27
2016,9,8,3,16,8
2016,9,8,3,16,8
2016,9,8,3,16,8
2016,9,8,3,15,46
2016,9,8,3,15,25
2016,9,8,3,15,1
2016,9,8,3,14,48
2016,9,8,3,14,47
2016,9,8,3,14,35
2016,9,8,3,14,31
2016,9,8,3,14,30
2016,9,8,3,13,44
2016,9,8,3,13,43
2016,9,8,3,12,22
2016,9,8,3,11,42
2016,9,8,3,11,41
2016,9,8,3,11,38
2016,9,8,3,10,41
2016,9,8,3,10,7
2016,9,8,3,10,7
2016,9,8,3,10,5
2016,9,7,2,21,51
2016,9,7,2,21,42
2016,9,7,2,16,43
2016,9,7,2,16,2
2016,9,7,2,15,53
2016,9,7,2,15,49
2016,9,7,2,15,27
2016,9,7,2,15,14
2016,9,7,2,14,0
2016,9,7,2,13,51
2016,9,7,2,13,48
2016,9,7,2,13,46
2016,9,7,2,13,41
2016,9,7,2,13,40
2016,9,7,2,13,39
2016,9,7,2,13,30
2016,9,7,2,13,2
2016,9,7,2,12,45
2016,9,7,2,12,45
2016,9,7,2,12,44
2016,9,7,2,12,38
2016,9,7,2,12,37
2016,9,7,2,12,35
2016,9,7,2,12,31
2016,9,7,2,12,20
2016,9,7,2,11,18
2016,9,7,2,11,7
2016,9,7,2,11,7
2016,9,7,2,11,5
2016,9,7,2,9,56
2016,9,7,2,8,32
2016,9,6,1,22,44
2016,9,6,1,17,16
2016,9,6,1,17,15
2016,9,6,1,17,4
2016,9,6,1,17,3
2016,9,6,1,16,27
2016,9,6,1,16,16
2016,9,6,1,16,8
2016,9,6,1,15,43
2016,9,6,1,15,29
2016,9,6,1,15,26
2016,9,6,1,13,55
2016,9,6,1,13,40
2016,9,6,1,13,22
2016,9,6,1,13,21
2016,9,6,1,13,20
2016,9,6,1,13,15
2016,9,6,1,12,46
2016,9,6,1,12,3
2016,9,6,1,10,54
2016,9,6,1,10,30
2016,9,6,1,10,22
2016,9,6,1,9,57
2016,9,6,1,9,24
2016,9,6,1,9,12
2016,9,6,1,8,35
2016,9,6,1,8,24
2016,9,5,0,13,36
2016,9,3,5,22,43
2016,9,3,5,22,42
2016,9,3,5,22,39
2016,9,3,5,3,54
2016,9,2,4,21,16
2016,9,2,4,19,40
2016,9,2,4,19,29
2016,9,2,4,14,46
2016,9,2,4,14,33
2016,9,2,4,14,32
2016,9,2,4,14,27
2016,9,2,4,14,14
2016,9,2,4,14,10
2016,9,2,4,14,7
2016,9,2,4,14,6
2016,9,2,4,14,6
2016,9,2,4,13,59
2016,9,2,4,13,52
2016,9,2,4,13,10
2016,9,2,4,12,20
2016,9,2,4,12,18
2016,9,2,4,12,12
2016,9,2,4,12,2
2016,9,2,4,11,55
2016,9,2,4,11,55
2016,9,2,4,11,55
2016,9,2,4,11,55
2016,9,2,4,11,26
2016,9,2,4,11,16
2016,9,2,4,10,44
2016,9,2,4,10,33
2016,9,2,4,10,20
2016,9,2,4,10,16
2016,9,2,4,10,15
2016,9,2,4,10,9
2016,9,2,4,10,8
2016,9,2,4,10,6
2016,9,2,4,10,5
2016,9,2,4,10,3
2016,9,2,4,9,6
2016,9,2,4,8,58
2016,9,2,4,8,34
2016,9,1,3,20,32
2016,9,1,3,17,19
2016,9,1,3,17,0
2016,9,1,3,16,45
2016,9,1,3,16,6
2016,9,1,3,16,0
2016,9,1,3,15,32
2016,9,1,3,15,24
2016,9,1,3,15,23
2016,9,1,3,15,22
2016,9,1,3,13,54
2016,9,1,3,13,52
2016,9,1,3,13,48
2016,9,1,3,13,35
2016,9,1,3,13,35
2016,9,1,3,13,25
2016,9,1,3,13,13
2016,9,1,3,13,13
2016,9,1,3,12,46
2016,9,1,3,12,45
2016,9,1,3,12,27
2016,9,1,3,10,26
2016,9,1,3,9,30
2016,8,31,2,23,13
2016,8,31,2,18,1
2016,8,31,2,16,34
2016,8,31,2,15,55
2016,8,31,2,15,26
2016,8,31,2,15,26
2016,8,31,2,15,14
2016,8,31,2,15,0
2016,8,31,2,14,49
2016,8,31,2,14,42
2016,8,31,2,14,36
2016,8,31,2,13,50
2016,8,31,2,13,50
2016,8,31,2,13,36
2016,8,31,2,13,28
2016,8,31,2,13,23
2016,8,31,2,13,22
2016,8,31,2,13,15
2016,8,31,2,11,4
2016,8,31,2,10,50
2016,8,31,2,10,1
2016,8,31,2,8,24
2016,8,31,2,8,10
2016,8,31,2,7,51
2016,8,31,2,7,43
2016,8,31,2,7,24
2016,8,30,1,16,55
2016,8,30,1,16,48
2016,8,30,1,16,0
2016,8,30,1,13,53
2016,8,30,1,12,46
2016,8,30,1,12,29
2016,8,30,1,12,28
2016,8,30,1,12,22
2016,8,30,1,12,8
2016,8,30,1,11,36
2016,8,30,1,11,7
2016,8,30,1,10,55
2016,8,30,1,10,53
2016,8,30,1,10,0
2016,8,30,1,9,27
2016,8,30,1,9,20
2016,8,30,1,9,15
2016,8,30,1,7,54
2016,8,29,0,21,35
2016,8,29,0,20,56
2016,8,29,0,17,55
2016,8,29,0,16,59
2016,8,29,0,16,56
2016,8,29,0,16,56
2016,8,29,0,16,55
2016,8,29,0,16,47
2016,8,29,0,16,35
2016,8,29,0,16,33
2016,8,29,0,16,31
2016,8,29,0,16,31
2016,8,29,0,16,31
2016,8,29,0,16,29
2016,8,29,0,16,27
2016,8,29,0,15,39
2016,8,29,0,15,29
2016,8,29,0,15,24
2016,8,29,0,14,58
2016,8,29,0,14,52
2016,8,29,0,14,44
2016,8,29,0,14,17
2016,8,29,0,14,6
2016,8,29,0,14,6
2016,8,29,0,13,58
2016,8,29,0,13,55
2016,8,29,0,13,55
2016,8,29,0,12,46
2016,8,29,0,12,39
2016,8,29,0,12,37
2016,8,29,0,11,46
2016,8,29,0,11,40
2016,8,29,0,10,59
2016,8,29,0,9,56
2016,8,29,0,9,29
2016,8,29,0,8,59
2016,8,29,0,8,24
2016,8,28,6,15,4
2016,8,28,6,11,54
2016,8,27,5,23,7
2016,8,26,4,16,49
2016,8,26,4,16,47
2016,8,26,4,16,25
2016,8,26,4,16,24
2016,8,26,4,14,14
2016,8,26,4,13,50
2016,8,26,4,12,57
2016,8,26,4,12,48
2016,8,26,4,12,34
2016,8,26,4,12,27
2016,8,26,4,11,56
2016,8,26,4,11,56
2016,8,26,4,11,29
2016,8,26,4,11,28
2016,8,26,4,11,5
2016,8,26,4,9,3
2016,8,26,4,9,2
2016,8,25,3,20,8
2016,8,25,3,17,29
2016,8,25,3,17,21
2016,8,25,3,17,19
2016,8,25,3,17,19
2016,8,25,3,17,13
2016,8,25,3,16,44
2016,8,25,3,16,37
2016,8,25,3,14,54
2016,8,25,3,14,54
2016,8,25,3,14,39
2016,8,25,3,14,24
2016,8,25,3,13,57
2016,8,25,3,13,53
2016,8,25,3,12,27
2016,8,25,3,10,59
2016,8,25,3,10,21
2016,8,25,3,10,2
2016,8,25,3,9,17
2016,8,25,3,9,12
2016,8,25,3,9,7
2016,8,25,3,8,18
2016,8,25,3,8,18
2016,8,24,2,23,44
2016,8,24,2,21,58
2016,8,24,2,16,0
2016,8,24,2,16,0
2016,8,24,2,15,28
2016,8,24,2,15,12
2016,8,24,2,12,29
2016,8,24,2,11,38
2016,8,24,2,11,25
2016,8,24,2,11,11
2016,8,24,2,10,7
2016,8,24,2,9,59
2016,8,24,2,9,59
2016,8,24,2,9,58
2016,8,24,2,9,47
2016,8,24,2,9,37
2016,8,24,2,9,19
2016,8,24,2,9,13
2016,8,23,1,22,55
2016,8,23,1,22,26
2016,8,23,1,15,34
2016,8,23,1,15,31
2016,8,23,1,12,18
2016,8,23,1,12,11
2016,8,23,1,12,0
2016,8,23,1,11,30
2016,8,23,1,11,24
2016,8,23,1,10,28
2016,8,23,1,9,35
2016,8,23,1,9,23
2016,8,23,1,9,21
2016,8,23,1,9,19
2016,8,23,1,9,19
2016,8,23,1,9,14
2016,8,23,1,8,56
2016,8,23,1,8,49
2016,8,23,1,3,3
2016,8,22,0,21,53
2016,8,22,0,17,26
2016,8,22,0,16,34
2016,8,22,0,14,10
2016,8,22,0,13,59
2016,8,22,0,13,48
2016,8,22,0,12,48
2016,8,22,0,11,58
2016,8,22,0,11,48
2016,8,22,0,11,44
2016,8,22,0,11,41
2016,8,22,0,11,36
2016,8,22,0,11,23
2016,8,22,0,10,58
2016,8,22,0,10,57
2016,8,22,0,10,47
2016,8,19,4,15,20
2016,8,19,4,11,28
2016,8,19,4,10,55
2016,8,19,4,4,2
2016,8,18,3,22,59
2016,8,18,3,19,52
2016,8,18,3,14,54
2016,8,18,3,14,24
2016,8,18,3,14,2
2016,8,18,3,13,53
2016,8,18,3,12,54
2016,8,18,3,12,30
2016,8,18,3,11,59
2016,8,18,3,11,54
2016,8,18,3,11,36
2016,8,18,3,11,28
2016,8,18,3,11,8
2016,8,18,3,9,57
2016,8,18,3,9,41
2016,8,18,3,9,33
2016,8,18,3,9,33
2016,8,18,3,6,32
2016,8,17,2,18,8
2016,8,17,2,16,39
2016,8,17,2,12,25
2016,8,17,2,11,17
2016,8,17,2,11,13
2016,8,17,2,10,21
2016,8,17,2,10,19
2016,8,17,2,10,0
2016,8,16,1,14,53
2016,8,16,1,14,14
2016,8,16,1,13,38
2016,8,16,1,13,10
2016,8,16,1,13,6
2016,8,16,1,10,47
2016,8,16,1,10,22
2016,8,16,1,9,42
2016,8,16,1,9,27
2016,8,16,1,9,20
2016,8,16,1,8,40
2016,8,16,1,7,14
2016,8,15,0,22,5
2016,8,15,0,15,58
2016,8,15,0,12,2
2016,8,15,0,11,23
2016,8,15,0,11,20
2016,8,15,0,11,9
2016,8,15,0,8,25
2016,8,13,5,19,4
2016,8,13,5,9,4
2016,8,12,4,16,24
2016,8,12,4,13,42
2016,8,12,4,11,29
2016,8,12,4,10,20
2016,8,12,4,10,7
2016,8,11,3,20,41
2016,8,11,3,15,36
2016,8,11,3,15,12
2016,8,11,3,14,56
2016,8,11,3,14,43
2016,8,11,3,14,42
2016,8,11,3,14,39
2016,8,11,3,14,39
2016,8,11,3,14,38
2016,8,11,3,13,54
2016,8,11,3,13,34
2016,8,11,3,13,14
2016,8,11,3,13,5
2016,8,11,3,11,10
2016,8,11,3,10,0
2016,8,11,3,9,11
2016,8,11,3,8,21
2016,8,10,2,14,41
2016,8,10,2,11,11
2016,8,9,1,17,8
2016,8,9,1,15,49
2016,8,9,1,13,52
2016,8,9,1,13,35
2016,8,9,1,13,25
2016,8,9,1,11,46
2016,8,9,1,10,46
2016,8,9,1,10,25
2016,8,9,1,8,8
2016,8,9,1,7,8
2016,8,9,1,0,18
2016,8,8,0,23,51
2016,8,8,0,16,3
2016,8,8,0,15,48
2016,8,8,0,15,38
2016,8,8,0,15,35
2016,8,8,0,15,16
2016,8,8,0,15,4
2016,8,8,0,14,27
2016,8,8,0,12,58
2016,8,8,0,12,57
2016,8,8,0,11,57
2016,8,8,0,11,35
2016,8,8,0,10,44
2016,8,8,0,10,20
2016,8,8,0,10,19
2016,8,8,0,10,15
2016,8,8,0,8,4
2016,8,8,0,7,11
2016,8,7,6,18,19
2016,8,5,4,16,18
2016,8,5,4,12,3
2016,8,5,4,10,13
2016,8,5,4,9,57
2016,8,5,4,9,1
2016,8,4,3,20,58
2016,8,4,3,19,48
2016,8,4,3,17,2
2016,8,4,3,16,39
2016,8,4,3,16,6
2016,8,4,3,14,15
2016,8,4,3,14,15
2016,8,4,3,13,48
2016,8,4,3,9,4
2016,8,3,2,15,43
2016,8,3,2,13,1
2016,8,3,2,12,37
2016,8,3,2,8,51
2016,8,2,1,18,28
2016,8,2,1,17,1
2016,8,2,1,14,25
2016,8,2,1,13,45
2016,8,2,1,11,59
2016,8,2,1,11,54
2016,8,2,1,10,48
2016,8,2,1,9,36
2016,8,2,1,7,18
2016,8,1,0,21,10
2016,8,1,0,16,59
2016,8,1,0,13,39
2016,8,1,0,12,47
2016,8,1,0,12,19
2016,8,1,0,12,9
2016,8,1,0,11,38
2016,8,1,0,11,33
2016,8,1,0,11,23
2016,8,1,0,11,20
2016,8,1,0,11,18
2016,8,1,0,11,18
2016,8,1,0,11,15
2016,8,1,0,11,13
2016,8,1,0,11,11
2016,8,1,0,11,8
2016,8,1,0,11,6
2016,8,1,0,10,58
2016,8,1,0,10,39
2016,8,1,0,9,45
2016,8,1,0,9,45
2016,8,1,0,8,53
2016,7,31,6,19,52
2016,7,30,5,20,6
2016,7,29,4,15,42
2016,7,29,4,15,38
2016,7,29,4,14,35
2016,7,29,4,14,25
2016,7,29,4,14,22
2016,7,29,4,14,17
2016,7,29,4,13,38
2016,7,29,4,13,34
2016,7,29,4,13,29
2016,7,29,4,12,59
2016,7,29,4,11,11
2016,7,29,4,10,32
2016,7,29,4,10,12
2016,7,29,4,10,4
2016,7,29,4,10,2
2016,7,28,3,21,55
2016,7,28,3,21,50
2016,7,28,3,21,49
2016,7,28,3,16,11
2016,7,28,3,16,7
2016,7,28,3,15,22
2016,7,28,3,15,21
2016,7,28,3,15,20
2016,7,28,3,15,17
2016,7,28,3,14,37
2016,7,28,3,14,17
2016,7,28,3,14,6
2016,7,28,3,13,48
2016,7,28,3,13,20
2016,7,28,3,13,16
2016,7,28,3,13,16
2016,7,28,3,13,11
2016,7,28,3,12,28
2016,7,28,3,12,1
2016,7,28,3,11,31
2016,7,28,3,11,7
2016,7,28,3,11,4
2016,7,28,3,10,2
2016,7,28,3,10,1
2016,7,27,2,16,0
2016,7,27,2,15,15
2016,7,27,2,13,49
2016,7,27,2,13,31
2016,7,27,2,13,19
2016,7,27,2,13,18
2016,7,27,2,12,15
2016,7,27,2,12,10
2016,7,27,2,11,4
2016,7,27,2,10,38
2016,7,27,2,4,21
2016,7,26,1,17,8
2016,7,26,1,14,24
2016,7,26,1,13,49
2016,7,26,1,13,48
2016,7,26,1,12,35
2016,7,26,1,10,50
2016,7,26,1,10,48
2016,7,26,1,10,22
2016,7,26,1,10,4
2016,7,26,1,9,38
2016,7,26,1,9,22
2016,7,26,1,7,18
2016,7,26,1,7,1
2016,7,25,0,16,49
2016,7,25,0,13,41
2016,7,25,0,13,35
2016,7,25,0,13,32
2016,7,22,4,13,8
2016,7,22,4,12,45
2016,7,22,4,11,16
2016,7,21,3,19,57
2016,7,21,3,9,18
2016,7,20,2,13,35
2016,7,20,2,8,41
2016,7,19,1,2,3
2016,7,18,0,13,32
2016,7,18,0,13,7
2016,7,18,0,9,51
2016,7,18,0,8,36
2016,7,14,3,16,53
2016,7,14,3,15,35
2016,7,3,6,9,12
2016,6,26,6,3,54
