created_utc,created,upvotes,num_comments,domain,score
1528933524.0,1528962324.0,1,0,self.EtherMining,1
1528933524.0,1528962324.0,1,0,i.redd.it,1
1528933523.0,1528962323.0,1,0,self.NoStupidQuestions,1
1528933523.0,1528962323.0,1,0,self.iRacing,1
1528933522.0,1528962322.0,1,0,i.redd.it,1
1528933521.0,1528962321.0,1,0,i.redd.it,1
1528933520.0,1528962320.0,1,0,self.alle15minuten,1
1528933520.0,1528962320.0,1,1,self.nbacirclejerk,1
1528933520.0,1528962320.0,1,0,i.redd.it,1
1528933519.0,1528962319.0,1,0,self.AskMen,1
1528933519.0,1528962319.0,1,0,self.WingChun,1
1528933519.0,1528962319.0,1,0,i.redd.it,1
1528933519.0,1528962319.0,1,0,self.MSAccess,1
1528933518.0,1528962318.0,1,0,i.imgur.com,1
1528933518.0,1528962318.0,1,0,i.redd.it,1
1528933518.0,1528962318.0,1,0,self.tipofmytongue,1
1528933517.0,1528962317.0,1,0,i.redd.it,1
1528933517.0,1528962317.0,1,0,self.FortNiteBR,1
1528933517.0,1528962317.0,1,0,self.horror,1
1528933516.0,1528962316.0,1,0,self.gpdxd,1
1528933516.0,1528962316.0,1,0,i.redd.it,1
1528933515.0,1528962315.0,1,0,i.redd.it,1
1528933515.0,1528962315.0,1,0,i.redd.it,1
1528933515.0,1528962315.0,1,0,i.imgur.com,1
1528933514.0,1528962314.0,1,0,cnbc.com,1
1528933514.0,1528962314.0,1,0,self.AskReddit,1
1528933512.0,1528962312.0,1,0,i.redd.it,1
1528933512.0,1528962312.0,1,0,self.NHLHUT,1
1528933512.0,1528962312.0,1,0,self.FortNiteBR,1
1528933512.0,1528962312.0,1,0,washingtonpost.com,1
1528933512.0,1528962312.0,1,0,self.whatsthisbug,1
1528933512.0,1528962312.0,1,0,i.redd.it,1
1528933512.0,1528962312.0,1,0,i.imgur.com,1
1528933511.0,1528962311.0,1,0,jrsinclair.com,1
1528933511.0,1528962311.0,1,0,youtube.com,1
1528933511.0,1528962311.0,1,0,i.redd.it,1
1528933511.0,1528962311.0,1,0,self.washingtonwizards,1
1528933510.0,1528962310.0,1,0,i.redd.it,1
1528933510.0,1528962310.0,1,1,reddit.com,1
1528933509.0,1528962309.0,1,0,imgur.com,1
1528933508.0,1528962308.0,1,0,self.retrobattlestations,1
1528933508.0,1528962308.0,1,0,i.redd.it,1
1528933507.0,1528962307.0,1,0,self.teenagers,1
1528933507.0,1528962307.0,1,0,youtube.com,1
1528933507.0,1528962307.0,1,0,self.Kikpals,1
1528933507.0,1528962307.0,1,0,opb.org,1
1528933506.0,1528962306.0,1,0,i.redd.it,1
1528933506.0,1528962306.0,1,0,i.redd.it,1
1528933505.0,1528962305.0,1,3,reddit.com,1
1528933505.0,1528962305.0,1,0,youtube.com,1
1528933505.0,1528962305.0,1,0,en.m.wikipedia.org,1
1528933505.0,1528962305.0,1,0,self.NewTubers,1
1528933505.0,1528962305.0,1,0,self.vegas,1
1528933505.0,1528962305.0,1,0,self.housekeeping,1
1528933504.0,1528962304.0,1,0,self.lgg6,1
1528933504.0,1528962304.0,1,0,i.redd.it,1
1528933504.0,1528962304.0,1,0,breitbart.com,1
1528933504.0,1528962304.0,1,0,self.every15min,1
1528933503.0,1528962303.0,1,0,self.DBZDokkanMarketplace,1
1528933503.0,1528962303.0,1,0,24.sapo.pt,1
1528933502.0,1528962302.0,1,0,i.redd.it,1
1528933502.0,1528962302.0,1,0,i.redd.it,1
1528933501.0,1528962301.0,1,0,self.r4r,1
1528933501.0,1528962301.0,1,0,clips.twitch.tv,1
1528933500.0,1528962300.0,1,0,i.redd.it,1
1528933500.0,1528962300.0,1,0,youtube.com,1
1528933499.0,1528962299.0,1,0,imgur.com,1
1528933499.0,1528962299.0,1,0,i.redd.it,1
1528933499.0,1528962299.0,0,0,self.personalfinance,0
1528933498.0,1528962298.0,1,0,self.RealmRoyale,1
1528933498.0,1528962298.0,1,0,i.redd.it,1
1528933498.0,1528962298.0,1,0,i.redd.it,1
1528933498.0,1528962298.0,1,1,reddit.com,1
1528933498.0,1528962298.0,1,0,self.xbox360,1
1528933498.0,1528962298.0,1,0,medium.com,1
1528933498.0,1528962298.0,1,0,youtu.be,1
1528933497.0,1528962297.0,1,0,self.fastfood,1
1528933497.0,1528962297.0,1,0,independent.co.uk,1
1528933496.0,1528962296.0,2,0,i.redd.it,2
1528933495.0,1528962295.0,1,0,change.org,1
1528933495.0,1528962295.0,1,0,youtu.be,1
1528933494.0,1528962294.0,1,0,self.BanGDream,1
1528933494.0,1528962294.0,1,0,self.playarkservers,1
1528933494.0,1528962294.0,1,0,youtube.com,1
1528933493.0,1528962293.0,1,0,self.Advice,1
1528933493.0,1528962293.0,1,0,youtube.com,1
1528933493.0,1528962293.0,1,0,tampabay.com,1
1528933493.0,1528962293.0,1,0,imgur.com,1
1528933493.0,1528962293.0,1,0,self.AskLosAngeles,1
1528933492.0,1528962292.0,1,0,twitter.com,1
1528933492.0,1528962292.0,1,0,self.fyresalog,1
1528933492.0,1528962292.0,1,0,self.TrueChristian,1
1528933491.0,1528962291.0,1,0,self.westworld,1
1528933490.0,1528962290.0,1,1,self.GOtrades,1
1528933490.0,1528962290.0,1,0,i.redd.it,1
1528933490.0,1528962290.0,1,0,self.asklaw,1
1528933490.0,1528962290.0,1,0,imgur.com,1
1528933490.0,1528962290.0,1,0,i.redd.it,1
1528933489.0,1528962289.0,1,0,i.redd.it,1
1528933489.0,1528962289.0,1,0,self.dating_advice,1
1528933489.0,1528962289.0,1,0,self.careerguidance,1
1528933488.0,1528962288.0,1,0,i.redd.it,1
1528933487.0,1528962287.0,1,0,youtube.com,1
1528933487.0,1528962287.0,1,0,self.AppNana,1
1528933486.0,1528962286.0,1,0,self.investing,1
1528933486.0,1528962286.0,1,0,self.BloonsTD6,1
1528933486.0,1528962286.0,1,3,self.AskReddit,1
1528933486.0,1528962286.0,1,0,self.EndlessFrontier,1
1528933485.0,1528962285.0,1,1,self.DiretoDoZapZap,1
1528933484.0,1528962284.0,1,0,youtu.be,1
1528933484.0,1528962284.0,1,0,i.redd.it,1
1528933483.0,1528962283.0,1,0,imgur.com,1
1528933483.0,1528962283.0,1,0,self.fayetteville,1
1528933482.0,1528962282.0,1,0,self.TABG,1
1528933482.0,1528962282.0,1,0,i.redd.it,1
1528933482.0,1528962282.0,1,0,self.pregnant,1
1528933482.0,1528962282.0,1,0,breitbart.com,1
1528933480.0,1528962280.0,1,0,i.redd.it,1
1528933479.0,1528962279.0,1,0,youtube.com,1
1528933479.0,1528962279.0,1,0,i.redd.it,1
1528933479.0,1528962279.0,1,0,self.blockchainio,1
1528933479.0,1528962279.0,0,0,self.AskWomen,0
1528933478.0,1528962278.0,1,0,timesofisrael.com,1
1528933478.0,1528962278.0,1,1,i.redd.it,1
1528933478.0,1528962278.0,1,0,self.FireflyFestival,1
1528933477.0,1528962277.0,1,1,v.redd.it,1
1528933476.0,1528962276.0,1,0,mobile.twitter.com,1
1528933476.0,1528962276.0,1,0,mobile.twitter.com,1
1528933475.0,1528962275.0,1,0,i.redd.it,1
1528933475.0,1528962275.0,1,0,self.raleigh,1
1528933475.0,1528962275.0,1,1,i.imgur.com,1
1528933475.0,1528962275.0,1,0,self.fo76,1
1528933475.0,1528962275.0,1,0,twitter.com,1
1528933475.0,1528962275.0,1,0,self.NHLHUT,1
1528933475.0,1528962275.0,1,0,self.MechanicAdvice,1
1528933473.0,1528962273.0,1,0,i.redd.it,1
1528933473.0,1528962273.0,1,0,self.Kava,1
1528933473.0,1528962273.0,1,0,self.BabyBumps,1
1528933473.0,1528962273.0,1,0,self.3atatime,1
1528933473.0,1528962273.0,1,0,i.redd.it,1
1528933472.0,1528962272.0,2,0,i.redd.it,2
1528933471.0,1528962271.0,1,0,self.Entrepreneur,1
1528933470.0,1528962270.0,1,0,bangkokpost.com,1
1528933470.0,1528962270.0,1,0,self.dresdenfiles,1
1528933470.0,1528962270.0,1,0,bangkokpost.com,1
1528933470.0,1528962270.0,3,0,i.redd.it,3
1528933470.0,1528962270.0,1,0,self.whowouldwin,1
1528933470.0,1528962270.0,1,0,bangkokpost.com,1
1528933470.0,1528962270.0,1,0,eventbrite.com,1
1528933469.0,1528962269.0,1,0,self.Pokemongiveaway,1
1528933469.0,1528962269.0,1,0,self.deezer,1
1528933469.0,1528962269.0,1,0,self.tmobile,1
1528933469.0,1528962269.0,1,0,bangkokpost.com,1
1528933469.0,1528962269.0,1,0,mobile.twitter.com,1
1528933469.0,1528962269.0,1,0,i.redd.it,1
1528933469.0,1528962269.0,1,0,wsvn.com,1
1528933469.0,1528962269.0,1,0,bangkokpost.com,1
1528933469.0,1528962269.0,1,0,self.TwoXChromosomes,1
1528933468.0,1528962268.0,1,0,mobile.twitter.com,1
1528933468.0,1528962268.0,1,0,self.povertyfinance,1
1528933468.0,1528962268.0,1,0,self.asktransgender,1
1528933468.0,1528962268.0,1,0,mobile.twitter.com,1
1528933468.0,1528962268.0,1,0,self.subaru,1
1528933468.0,1528962268.0,2,0,i.redd.it,2
1528933467.0,1528962267.0,1,0,youtube.com,1
1528933467.0,1528962267.0,0,0,self.Kikpals,0
1528933467.0,1528962267.0,1,0,self.personalfinance,1
1528933466.0,1528962266.0,1,0,i.redd.it,1
1528933466.0,1528962266.0,1,0,twitter.com,1
1528933466.0,1528962266.0,1,0,self.tipofmytongue,1
1528933466.0,1528962266.0,1,0,self.GalaxyNote8,1
1528933466.0,1528962266.0,1,0,self.SuggestALaptop,1
1528933465.0,1528962265.0,1,0,goodchillz.com,1
1528933465.0,1528962265.0,1,0,nzherald.co.nz,1
1528933465.0,1528962265.0,1,0,self.XIM,1
1528933464.0,1528962264.0,1,0,hfbf.org,1
1528933464.0,1528962264.0,1,0,nzherald.co.nz,1
1528933463.0,1528962263.0,1,0,goodchillz.com,1
1528933463.0,1528962263.0,1,0,self.identifythisfont,1
1528933462.0,1528962262.0,1,0,nzherald.co.nz,1
1528933462.0,1528962262.0,1,0,self.playarkmobile,1
1528933462.0,1528962262.0,1,0,i.redd.it,1
1528933462.0,1528962262.0,1,0,self.FortNiteBR,1
1528933461.0,1528962261.0,1,0,goodchillz.com,1
1528933461.0,1528962261.0,1,0,twitter.com,1
1528933461.0,1528962261.0,1,0,nzherald.co.nz,1
1528933461.0,1528962261.0,1,1,self.AskReddit,1
1528933461.0,1528962261.0,1,5,self.AskReddit,1
1528933460.0,1528962260.0,1,0,i.redd.it,1
1528933460.0,1528962260.0,1,0,self.AskReddit,1
1528933460.0,1528962260.0,1,1,self.RobinHood,1
1528933460.0,1528962260.0,1,0,nzherald.co.nz,1
1528933459.0,1528962259.0,1,0,i.redd.it,1
1528933459.0,1528962259.0,1,0,self.tipofmytongue,1
1528933459.0,1528962259.0,1,0,self.DeadBedrooms,1
1528933459.0,1528962259.0,1,0,i.redd.it,1
1528933459.0,1528962259.0,1,0,i.redd.it,1
1528933458.0,1528962258.0,1,0,cdn.discordapp.com,1
1528933458.0,1528962258.0,1,0,nzherald.co.nz,1
1528933457.0,1528962257.0,1,0,nzherald.co.nz,1
1528933456.0,1528962256.0,1,0,gmanetwork.com,1
1528933456.0,1528962256.0,1,0,youtube.com,1
1528933456.0,1528962256.0,1,0,youtube.com,1
1528933455.0,1528962255.0,1,0,nzherald.co.nz,1
1528933455.0,1528962255.0,0,0,self.explainlikeimfive,0
1528933454.0,1528962254.0,1,0,i.redd.it,1
1528933454.0,1528962254.0,1,0,nzherald.co.nz,1
1528933454.0,1528962254.0,1,0,i.redd.it,1
1528933454.0,1528962254.0,1,0,self.jurassicworldevo,1
1528933454.0,1528962254.0,1,0,self.CruciblePlaybook,1
1528933454.0,1528962254.0,1,0,self.Chromeo,1
1528933454.0,1528962254.0,1,0,self.comics,1
1528933453.0,1528962253.0,1,0,vox.com,1
1528933453.0,1528962253.0,1,0,nzherald.co.nz,1
1528933452.0,1528962252.0,1,0,breitbart.com,1
1528933452.0,1528962252.0,1,0,nzherald.co.nz,1
1528933451.0,1528962251.0,1,0,nzherald.co.nz,1
1528933451.0,1528962251.0,1,0,nzherald.co.nz,1
1528933451.0,1528962251.0,1,0,self.ExNoContact,1
1528933451.0,1528962251.0,1,0,nzherald.co.nz,1
1528933450.0,1528962250.0,1,0,self.Hair,1
1528933450.0,1528962250.0,1,0,nzherald.co.nz,1
1528933450.0,1528962250.0,1,0,nytimes.com,1
1528933450.0,1528962250.0,1,1,reddit.com,1
1528933450.0,1528962250.0,1,0,nzherald.co.nz,1
1528933450.0,1528962250.0,1,0,i.redd.it,1
1528933450.0,1528962250.0,1,0,i.imgur.com,1
1528933449.0,1528962249.0,1,0,self.AskReddit,1
1528933449.0,1528962249.0,1,0,nzherald.co.nz,1
1528933449.0,1528962249.0,1,0,i.redd.it,1
1528933449.0,1528962249.0,1,0,self.VictoriaBC,1
1528933449.0,1528962249.0,1,0,nzherald.co.nz,1
1528933448.0,1528962248.0,1,0,i.redd.it,1
1528933448.0,1528962248.0,1,0,nzherald.co.nz,1
1528933448.0,1528962248.0,1,0,nzherald.co.nz,1
1528933447.0,1528962247.0,1,0,self.uberdrivers,1
1528933446.0,1528962246.0,1,0,i.imgur.com,1
1528933446.0,1528962246.0,1,0,nationalpost.com,1
1528933446.0,1528962246.0,1,0,self.mr2,1
1528933446.0,1528962246.0,1,1,self.RandomKindness,1
1528933445.0,1528962245.0,1,0,self.StanRizzo,1
1528933445.0,1528962245.0,1,0,self.Mcat,1
1528933445.0,1528962245.0,1,0,self.buildapc,1
1528933445.0,1528962245.0,1,0,nydailynews.com,1
1528933444.0,1528962244.0,1,1,youtube.com,1
1528933444.0,1528962244.0,1,0,self.StanRizzo,1
1528933444.0,1528962244.0,1,0,self.Kindred,1
1528933444.0,1528962244.0,1,0,i.redd.it,1
1528933443.0,1528962243.0,0,0,self.truegaming,0
1528933443.0,1528962243.0,2,6,self.AskReddit,2
1528933442.0,1528962242.0,1,0,self.wemetonline,1
1528933442.0,1528962242.0,1,0,self.blazbluextagbattle,1
1528933442.0,1528962242.0,1,0,i.redd.it,1
1528933442.0,1528962242.0,1,0,i.redd.it,1
1528933442.0,1528962242.0,1,0,self.Tinder,1
1528933441.0,1528962241.0,1,0,i.redd.it,1
1528933440.0,1528962240.0,1,1,self.AskReddit,1
1528933439.0,1528962239.0,1,0,i.redd.it,1
1528933439.0,1528962239.0,1,0,i.redd.it,1
1528933439.0,1528962239.0,2,0,i.redd.it,2
1528933438.0,1528962238.0,1,0,self.lactoseintolerant,1
1528933438.0,1528962238.0,0,0,i.imgur.com,0
1528933438.0,1528962238.0,1,0,i.redd.it,1
1528933437.0,1528962237.0,1,0,self.ifyoulikeblank,1
1528933437.0,1528962237.0,1,0,self.rupaulsdragrace,1
1528933436.0,1528962236.0,1,0,self.flatbushzombies,1
1528933436.0,1528962236.0,1,0,self.UofT,1
1528933436.0,1528962236.0,1,0,self.helpdesk,1
1528933435.0,1528962235.0,1,0,i.redd.it,1
1528933435.0,1528962235.0,2,0,self.teenagersnew,2
1528933435.0,1528962235.0,1,0,youtu.be,1
1528933434.0,1528962234.0,1,0,i.redd.it,1
1528933434.0,1528962234.0,1,0,change.org,1
1528933434.0,1528962234.0,1,0,i.redd.it,1
1528933434.0,1528962234.0,1,0,breitbart.com,1
1528933433.0,1528962233.0,1,0,i.redd.it,1
1528933433.0,1528962233.0,1,0,self.redsox,1
1528933432.0,1528962232.0,1,0,self.RealmRoyale,1
1528933432.0,1528962232.0,1,0,spiideo.com,1
1528933432.0,1528962232.0,1,0,self.forhonor,1
1528933432.0,1528962232.0,1,0,self.dayton,1
1528933432.0,1528962232.0,1,0,self.bjj,1
1528933431.0,1528962231.0,1,0,self.legaladvice,1
1528933431.0,1528962231.0,2,0,i.redd.it,2
1528933431.0,1528962231.0,1,0,self.ZeroWaste,1
1528933431.0,1528962231.0,1,2,self.AskOuija,1
1528933430.0,1528962230.0,1,0,np.reddit.com,1
1528933430.0,1528962230.0,1,0,self.ios,1
1528933430.0,1528962230.0,2,0,espn.com,2
1528933429.0,1528962229.0,3,0,i.redd.it,3
1528933429.0,1528962229.0,1,0,self.ShingekiNoKyojin,1
1528933429.0,1528962229.0,1,0,i.redd.it,1
1528933429.0,1528962229.0,1,0,netflix.com,1
1528933428.0,1528962228.0,1,0,youtu.be,1
1528933428.0,1528962228.0,1,0,i.redd.it,1
1528933427.0,1528962227.0,1,0,self.namenerds,1
1528933427.0,1528962227.0,1,1,self.MortalKombat,1
1528933427.0,1528962227.0,0,0,self.LifeProTips,0
1528933426.0,1528962226.0,1,0,reddit.com,1
1528933426.0,1528962226.0,1,0,i.imgur.com,1
1528933425.0,1528962225.0,1,0,dcmediagroup.us,1
1528933425.0,1528962225.0,2,1,i.redd.it,2
1528933424.0,1528962224.0,2,0,i.redd.it,2
1528933424.0,1528962224.0,1,1,i.redd.it,1
1528933423.0,1528962223.0,1,0,self.cyberpunkgame,1
1528933422.0,1528962222.0,1,0,i.redd.it,1
1528933422.0,1528962222.0,1,0,youtube.com,1
1528933422.0,1528962222.0,1,0,i.redd.it,1
1528933421.0,1528962221.0,1,0,self.SaultSteMarie,1
1528933420.0,1528962220.0,1,0,kc2026.com,1
1528933420.0,1528962220.0,1,0,washingtonpost.com,1
1528933420.0,1528962220.0,1,0,self.DeathStranding,1
1528933419.0,1528962219.0,2,0,self.cigars,2
1528933419.0,1528962219.0,1,0,youtu.be,1
1528933419.0,1528962219.0,1,0,m.youtube.com,1
1528933418.0,1528962218.0,1,0,internationalcbc.com,1
1528933417.0,1528962217.0,1,0,self.TeamFourStar,1
1528933417.0,1528962217.0,1,0,self.buildapc,1
1528933417.0,1528962217.0,1,0,youtube.com,1
1528933417.0,1528962217.0,1,1,self.GreenBayPackers,1
1528933417.0,1528962217.0,3,0,i.redd.it,3
1528933416.0,1528962216.0,1,0,self.namenerds,1
1528933414.0,1528962214.0,4,3,self.teenagersnew,4
1528933414.0,1528962214.0,1,0,self.Transmogrification,1
1528933414.0,1528962214.0,1,0,self.factorio,1
1528933414.0,1528962214.0,1,0,breitbart.com,1
1528933414.0,1528962214.0,1,0,self.IndieDev,1
1528933414.0,1528962214.0,1,0,self.guildrecruitment,1
1528933413.0,1528962213.0,1,0,youtube.com,1
1528933412.0,1528962212.0,1,0,self.GamerPals,1
1528933412.0,1528962212.0,1,0,self.sixthworldproblems,1
1528933411.0,1528962211.0,5,0,self.FortNiteBR,5
1528933411.0,1528962211.0,1,0,self.OWConsole,1
1528933410.0,1528962210.0,1,0,youtube.com,1
1528933410.0,1528962210.0,1,0,self.jurassicworldevo,1
1528933410.0,1528962210.0,1,0,i.redd.it,1
1528933410.0,1528962210.0,1,0,self.podcasts,1
1528933409.0,1528962209.0,2,0,i.redd.it,2
1528933409.0,1528962209.0,1,0,youtube.com,1
1528933409.0,1528962209.0,1,0,self.forhonor,1
1528933408.0,1528962208.0,0,0,self.LupeFiasco,0
1528933408.0,1528962208.0,1,0,self.saab,1
1528933407.0,1528962207.0,1,0,folha.uol.com.br,1
1528933406.0,1528962206.0,1,0,self.removalbot,1
1528933406.0,1528962206.0,1,0,goodchillz.com,1
1528933405.0,1528962205.0,1,0,mbofsa.com,1
1528933405.0,1528962205.0,1,0,i.redd.it,1
1528933404.0,1528962204.0,1,0,goodchillz.com,1
1528933404.0,1528962204.0,1,0,i.redd.it,1
1528933403.0,1528962203.0,1,0,self.RealmRoyale,1
1528933403.0,1528962203.0,1,0,self.funhaus,1
1528933403.0,1528962203.0,1,0,reddit.com,1
1528933403.0,1528962203.0,2,1,i.redd.it,2
1528933403.0,1528962203.0,2,0,self.exmormon,2
1528933403.0,1528962203.0,1,0,self.BreezeCoin,1
1528933403.0,1528962203.0,1,0,self.pkmntcg,1
1528933403.0,1528962203.0,1,0,self.blender,1
1528933402.0,1528962202.0,1,0,goodchillz.com,1
1528933401.0,1528962201.0,1,0,self.MkeBucks,1
1528933400.0,1528962200.0,1,0,deseretnews.com,1
1528933399.0,1528962199.0,1,0,self.rocket_league_trading,1
1528933398.0,1528962198.0,1,0,self.Twitter,1
1528933398.0,1528962198.0,1,0,twitter.com,1
1528933397.0,1528962197.0,1,0,self.harrypotter,1
1528933396.0,1528962196.0,1,0,madacon.deviantart.com,1
1528933396.0,1528962196.0,1,0,self.HomeworkHelp,1
1528933396.0,1528962196.0,3,1,i.redd.it,3
1528933396.0,1528962196.0,1,0,youtu.be,1
1528933395.0,1528962195.0,1,1,self.AskWomen,1
1528933394.0,1528962194.0,1,3,reddit.com,1
1528933394.0,1528962194.0,0,0,i.redd.it,0
1528933394.0,1528962194.0,1,0,self.AskRedditUL,1
1528933394.0,1528962194.0,1,0,self.BuildingCodes,1
1528933394.0,1528962194.0,1,0,self.notinteresting,1
1528933394.0,1528962194.0,1,0,self.mcgill,1
1528933393.0,1528962193.0,1,0,elperiodico.cat,1
1528933393.0,1528962193.0,1,0,self.FreeCodeCamp,1
1528933393.0,1528962193.0,2,0,imgur.com,2
1528933393.0,1528962193.0,17,10,self.splatoon,17
1528933393.0,1528962193.0,1,0,self.compDota2,1
1528933392.0,1528962192.0,1,0,breitbart.com,1
1528933392.0,1528962192.0,0,1,i.redd.it,0
1528933391.0,1528962191.0,1,0,youtube.com,1
1528933390.0,1528962190.0,1,0,self.LowTierTradingRL,1
1528933389.0,1528962189.0,1,0,imgur.com,1
1528933388.0,1528962188.0,1,0,prnewswire.com,1
1528933387.0,1528962187.0,1,0,prnewswire.com,1
1528933387.0,1528962187.0,4,0,i.redd.it,4
1528933387.0,1528962187.0,1,0,prnewswire.com,1
1528933387.0,1528962187.0,1,0,cbc.ca,1
1528933387.0,1528962187.0,1,0,reddit.com,1
1528933386.0,1528962186.0,1,0,breitbart.com,1
1528933386.0,1528962186.0,1,0,v.redd.it,1
1528933386.0,1528962186.0,1,0,self.acting,1
1528933386.0,1528962186.0,1,0,moemneop.deviantart.com,1
1528933385.0,1528962185.0,1,0,self.criterion,1
1528933385.0,1528962185.0,4,8,self.teenagersnew,4
1528933384.0,1528962184.0,1,0,self.palindromes,1
1528933384.0,1528962184.0,1,1,self.kpop,1
1528933383.0,1528962183.0,1,0,self.forhonor,1
1528933383.0,1528962183.0,1,0,self.Teachers,1
1528933382.0,1528962182.0,2,0,img00.deviantart.net,2
1528933382.0,1528962182.0,1,0,youtu.be,1
1528933381.0,1528962181.0,1,0,self.wisconsin,1
1528933381.0,1528962181.0,1,0,self.legaladvice,1
1528933379.0,1528962179.0,2,0,self.tappedout,2
1528933379.0,1528962179.0,1,0,self.iphone,1
1528933378.0,1528962178.0,0,0,self.AskSF,0
1528933378.0,1528962178.0,1,0,self.Judaism,1
1528933378.0,1528962178.0,4,1,self.Showerthoughts,4
1528933378.0,1528962178.0,4,0,i.redd.it,4
1528933378.0,1528962178.0,1,0,self.Metroid,1
1528933378.0,1528962178.0,1,0,edealinfo.com,1
1528933378.0,1528962178.0,2,2,i.redd.it,2
1528933378.0,1528962178.0,2,0,self.DnD,2
1528933378.0,1528962178.0,1,0,edealinfo.com,1
1528933377.0,1528962177.0,1,0,i.redd.it,1
1528933377.0,1528962177.0,1,0,i.imgur.com,1
1528933377.0,1528962177.0,1,0,edealinfo.com,1
1528933377.0,1528962177.0,1,0,edealinfo.com,1
1528933377.0,1528962177.0,2,0,self.UCSC,2
1528933377.0,1528962177.0,2,0,i.redd.it,2
1528933376.0,1528962176.0,2,0,edealinfo.com,2
1528933376.0,1528962176.0,1,0,self.kindle,1
1528933376.0,1528962176.0,1,0,edealinfo.com,1
1528933376.0,1528962176.0,1,0,self.RealmRoyale,1
1528933376.0,1528962176.0,1,0,edealinfo.com,1
1528933375.0,1528962175.0,1,1,twitter.com,1
1528933375.0,1528962175.0,2,0,edealinfo.com,2
1528933375.0,1528962175.0,3,2,self.teenagersnew,3
1528933375.0,1528962175.0,1,0,edealinfo.com,1
1528933374.0,1528962174.0,1,0,youtube.com,1
1528933374.0,1528962174.0,2,0,edealinfo.com,2
1528933374.0,1528962174.0,1,0,self.Jokes,1
1528933374.0,1528962174.0,1,0,self.BravoRealHousewives,1
1528933374.0,1528962174.0,1,0,youtu.be,1
1528933374.0,1528962174.0,1,0,alternativeeconomics.co,1
1528933373.0,1528962173.0,1,0,i.redd.it,1
1528933373.0,1528962173.0,1,0,self.uwaterloo,1
1528933372.0,1528962172.0,1,0,self.Dermatology,1
1528933372.0,1528962172.0,2,2,i.redd.it,2
1528933372.0,1528962172.0,1,3,self.AskReddit,1
1528933371.0,1528962171.0,1,0,youtube.com,1
1528933370.0,1528962170.0,3,0,discord.gg,3
1528933370.0,1528962170.0,1,0,self.PostmatesCouriers,1
1528933370.0,1528962170.0,1,0,i.redd.it,1
1528933370.0,1528962170.0,1,2,self.AskReddit,1
1528933369.0,1528962169.0,0,1,i.redd.it,0
1528933369.0,1528962169.0,1,3,self.smashbros,1
1528933369.0,1528962169.0,1,0,self.askwomenadvice,1
1528933369.0,1528962169.0,1,0,youtu.be,1
1528933368.0,1528962168.0,5,0,v.redd.it,5
1528933366.0,1528962166.0,2,0,i.redd.it,2
1528933366.0,1528962166.0,1,0,i.redd.it,1
1528933366.0,1528962166.0,1,1,self.legaladvice,1
1528933366.0,1528962166.0,2,0,self.LoserleavesReddit,2
1528933365.0,1528962165.0,1,1,i.redd.it,1
1528933364.0,1528962164.0,1,1,i.redd.it,1
1528933363.0,1528962163.0,1,0,self.Calgary,1
1528933363.0,1528962163.0,1,0,i.redd.it,1
1528933362.0,1528962162.0,1,0,self.smashbros,1
1528933362.0,1528962162.0,1,0,i.redd.it,1
1528933362.0,1528962162.0,1,0,self.Veterans,1
1528933362.0,1528962162.0,1,0,self.FFXIVRECRUITMENT,1
1528933361.0,1528962161.0,3,1,self.teenagersnew,3
1528933361.0,1528962161.0,5,0,i.redd.it,5
1528933361.0,1528962161.0,1,0,youtube.com,1
1528933360.0,1528962160.0,1,0,i.redd.it,1
1528933360.0,1528962160.0,2,0,i.redd.it,2
1528933360.0,1528962160.0,1,4,self.AskReddit,1
1528933360.0,1528962160.0,1,0,self.AniviaMains,1
1528933359.0,1528962159.0,1,0,self.drunk,1
1528933359.0,1528962159.0,2,1,i.imgur.com,2
1528933359.0,1528962159.0,1,0,self.CampingGear,1
1528933359.0,1528962159.0,1,0,instagram.com,1
1528933358.0,1528962158.0,1,0,self.AskEurope,1
1528933358.0,1528962158.0,1,0,youtube.com,1
1528933358.0,1528962158.0,1,0,self.Instagram,1
1528933355.0,1528962155.0,1,0,self.AssCredit,1
1528933355.0,1528962155.0,1,1,jaimegavilano.wordpress.com,1
1528933355.0,1528962155.0,1,0,youtu.be,1
1528933354.0,1528962154.0,2,2,i.redd.it,2
1528933354.0,1528962154.0,2,6,self.AskReddit,2
1528933354.0,1528962154.0,1,0,self.SelfPosts,1
1528933353.0,1528962153.0,1,0,breitbart.com,1
1528933353.0,1528962153.0,1,0,i.imgur.com,1
1528933352.0,1528962152.0,1,0,self.Jeopardy,1
1528933352.0,1528962152.0,1,0,self.intermittentfasting,1
1528933351.0,1528962151.0,1,0,self.makemychoice,1
1528933350.0,1528962150.0,2,0,self.Guitar,2
1528933350.0,1528962150.0,0,0,curbed.com,0
1528933349.0,1528962149.0,1,0,i.redd.it,1
1528933349.0,1528962149.0,1,0,self.AskReddit,1
1528933349.0,1528962149.0,5,0,chron.com,5
1528933348.0,1528962148.0,1,0,i.redd.it,1
1528933347.0,1528962147.0,3,1,i.redd.it,3
1528933346.0,1528962146.0,1,0,youtu.be,1
1528933346.0,1528962146.0,1,0,self.ProjectPan,1
1528933346.0,1528962146.0,1,0,thehill.com,1
1528933345.0,1528962145.0,1,0,cbsnews.com,1
1528933345.0,1528962145.0,1,0,self.bonnaroo,1
1528933345.0,1528962145.0,1,0,self.Eloncity,1
1528933345.0,1528962145.0,1,0,self.Blackops4,1
1528933345.0,1528962145.0,1,0,cbsnews.com,1
1528933344.0,1528962144.0,1,0,self.GGFreeForAll,1
1528933344.0,1528962144.0,1,0,self.physicaltherapy,1
1528933344.0,1528962144.0,1,0,cbsnews.com,1
1528933344.0,1528962144.0,1,0,self.whowouldwin,1
1528933344.0,1528962144.0,1,0,cbsnews.com,1
1528933344.0,1528962144.0,1,0,self.EARONS,1
1528933344.0,1528962144.0,1,1,i.redd.it,1
1528933344.0,1528962144.0,2,0,cliffmass.blogspot.com,2
1528933344.0,1528962144.0,1,0,cbsnews.com,1
1528933343.0,1528962143.0,3,0,self.Shitstatistssay,3
1528933343.0,1528962143.0,1,0,cbsnews.com,1
1528933343.0,1528962143.0,1,0,self.lowendgaming,1
1528933343.0,1528962143.0,1,0,twitter.com,1
1528933343.0,1528962143.0,1,0,cbsnews.com,1
1528933343.0,1528962143.0,2,0,thedailybeast.com,2
1528933342.0,1528962142.0,1,0,cbsnews.com,1
1528933342.0,1528962142.0,2,0,i.redd.it,2
1528933342.0,1528962142.0,2,0,i.redd.it,2
1528933342.0,1528962142.0,1,0,cbsnews.com,1
1528933342.0,1528962142.0,1,0,cbsnews.com,1
1528933341.0,1528962141.0,1,0,thenation.com,1
1528933341.0,1528962141.0,1,0,cbsnews.com,1
1528933341.0,1528962141.0,1,0,cbsnews.com,1
1528933341.0,1528962141.0,4,1,i.redd.it,4
1528933341.0,1528962141.0,1,0,cbsnews.com,1
1528933340.0,1528962140.0,1,0,cbsnews.com,1
1528933340.0,1528962140.0,1,0,i.redd.it,1
1528933339.0,1528962139.0,2,1,self.AskReddit,2
1528933339.0,1528962139.0,1,0,self.cscareerquestionsEU,1
1528933339.0,1528962139.0,1,0,self.CPTSD,1
1528933338.0,1528962138.0,1,2,self.AskReddit,1
1528933338.0,1528962138.0,1,0,i.redd.it,1
1528933338.0,1528962138.0,1,0,self.nrl,1
1528933338.0,1528962138.0,1,0,self.msu,1
1528933337.0,1528962137.0,1,0,i.redd.it,1
1528933335.0,1528962135.0,1,0,self.VideoEditing,1
1528933335.0,1528962135.0,1,0,self.chemhelp,1
1528933335.0,1528962135.0,4,0,v.redd.it,4
1528933334.0,1528962134.0,1,1,self.mechmarket,1
1528933334.0,1528962134.0,1,1,i.redd.it,1
1528933334.0,1528962134.0,1,0,self.buildapc,1
1528933334.0,1528962134.0,1,1,cdn.discordapp.com,1
1528933334.0,1528962134.0,4,0,i.redd.it,4
1528933334.0,1528962134.0,2,0,i.imgur.com,2
1528933334.0,1528962134.0,1,0,i.imgur.com,1
1528933333.0,1528962133.0,1,0,abc.net.au,1
